-- phpMyAdmin SQL Dump
-- version 5.1.0
-- https://www.phpmyadmin.net/
--
-- Host: 127.0.0.1
-- Generation Time: Oct 11, 2021 at 02:24 PM
-- Server version: 10.4.19-MariaDB
-- PHP Version: 7.4.19


-- --------------------------------------------------------

--
-- Dumping data for table `vendors`
--

INSERT INTO `vendors` (`id`, `name`, `slug`, `desc`, `logo`, `banner`, `address`, `email`, `website`, `phone_no`, `latitude`, `longitude`, `order_min_amount`, `order_pre_time`, `auto_reject_time`, `commission_percent`, `commission_fixed_per_order`, `commission_monthly`, `dine_in`, `takeaway`, `delivery`, `status`, `add_category`, `setting`, `is_show_vendor_details`, `created_at`, `updated_at`, `show_slot`, `vendor_templete_id`, `auto_accept_order`) VALUES
(1, 'DeliveryZone', NULL, NULL, 'default/default_logo.png', 'default/default_image.png', 'Sheikh Zayed Road - Dubai - United Arab Emirates', NULL, NULL, NULL, '25.060924600000', '55.128979500000', '0.00', NULL, NULL, 1, '0.00', '0.00', 0, 1, 1, 2, 1, 0, 0, NULL, '2021-09-29 06:21:31', 1, NULL, 0),
(2, 'Monroe s Place', 'monroes-place', NULL, 'vendor/KOAH5nOsnSDa67G2IDaTEdrH1t9hUXzQIyBxwCc0.png', 'vendor/1ZYpf7J6IEDKv9RIoeV9awqB190dgGxO3ntTySEH.jpg', 'Chandigarh, India', 'monroe\'splace@support.com', NULL, '9898858574', '30.733314800000', '76.779417900000', '0.00', NULL, NULL, 1, '0.00', '0.00', 1, 1, 1, 1, 1, 0, 0, '2021-09-29 06:21:23', '2021-10-08 11:05:12', 1, 5, 0),
(3, 'Mom\'s kitchen', 'moms-kitchen', NULL, 'vendor/hzaQlBl0Pv9pBupftoGpoUHy30NxUBGFqFdE9PY7.jpg', 'vendor/eYyG7vb0AQvDKNSczLCZPSoRWZAF4Qbgk6N2tl1t.jpg', 'Chandigarh, India', 'momskitchen@support.com', NULL, '9874569874', '30.733314800000', '76.779417900000', '0.00', NULL, NULL, 1, '0.00', '0.00', 1, 1, 1, 1, 1, 0, 0, '2021-09-29 06:22:38', '2021-11-15 07:43:06', 1, 5, 0),
(4, 'A Taste of Heaven Diner', 'a-taste-of-heaven-diner', NULL, 'vendor/FLoVsSFDCC5ospcgKipCOhyMSQZF5YDvdrY06bSZ.png', 'vendor/NNkXBIUW3ovgMEuwQ1DGpzi5I9LmPxCmllgootN6.jpg', 'Chandigarh, India', 'atasteofHeavendiner@support.com', NULL, '9865324123', '30.733314800000', '76.779417900000', '0.00', NULL, NULL, 1, '0.00', '0.00', 1, 1, 1, 1, 1, 0, 0, '2021-09-29 06:23:37', '2021-11-15 07:42:52', 1, 5, 0),
(5, 'Dine Right Diner', 'dine-right-diner', NULL, 'vendor/t1N2hJHTuofauLyt0uapMPXdsof7Mcqc0SlqmgKR.jpg', 'vendor/BQqeiZHsNfRNSHvSqjzPwZrgMTIE6ErQqAqMtaQb.jpg', 'Chandigarh, India', 'spreadlove@support.com', NULL, '9856324178', '30.733314800000', '76.779417900000', '0.00', NULL, NULL, 1, '0.00', '0.00', 1, 1, 1, 1, 1, 0, 0, '2021-09-29 06:24:20', '2021-11-15 07:42:36', 1, 5, 0),
(6, 'The Golden Spoon', 'the-golden-spoon', NULL, 'vendor/rR8QzsKEsuBh0h5FUWY87PsLRoIhdNJfaSXWe3GB.jpg', 'vendor/Orlwqh4ccbgr8QO5uFioIiB50t6v2D1lqkJTATuh.jpg', 'Chandigarh, India', 'season52@support.com', NULL, '9856324178', '30.733314800000', '76.779417900000', '0.00', '20', NULL, 1, '0.00', '0.00', 1, 1, 1, 1, 1, 0, 0, '2021-09-29 06:25:01', '2021-11-15 07:42:20', 1, 5, 0),
(7, 'Downtown Kitchen', 'downtown-kitchen', 'Downtown Kitchen', 'vendor/MevKE9hpmNw2oqMsmVpze7GuNl7Pho3aM5JdWIgM.jpg', 'vendor/NjHFpIfxOYQssAkUiYwmGCibw7q8fwvPiAmcBtUu.jpg', 'Sector 26, Chandigarh, India', 'DowntownKitchen@gmail.com', 'www.downtown.com', NULL, '30.729958600000', '76.810103800000', '0.00', NULL, NULL, 1, '0.00', '0.00', 1, 1, 1, 2, 1, 0, 0, '2021-10-05 08:11:39', '2021-10-05 08:12:40', 1, NULL, 0);

--
-- Dumping data for table `addon_sets`
--

INSERT INTO `addon_sets` (`id`, `title`, `min_select`, `max_select`, `position`, `status`, `is_core`, `vendor_id`, `created_at`, `updated_at`) VALUES
(1, 'Small Parcels', 1, 1, 1, 1, 1, NULL, NULL, NULL),
(2, 'Dim Sums', 1, 1, 1, 1, 1, 6, '2021-10-08 06:11:39', '2021-10-08 06:11:39'),
(3, 'Chocolate mousse', 1, 1, 1, 1, 1, 6, '2021-10-08 06:12:31', '2021-10-08 06:12:31'),
(4, 'Chicken with Chestnuts', 1, 1, 1, 1, 1, 6, '2021-10-08 06:16:19', '2021-10-08 06:16:19'),
(5, 'Spring Rolls', 1, 1, 1, 1, 1, 6, '2021-10-08 06:16:52', '2021-10-08 06:16:52'),
(6, 'Hot&CrispyChicken', 1, 1, 1, 1, 1, 6, '2021-10-08 06:18:43', '2021-10-08 06:18:43'),
(7, 'Fajitas', 1, 1, 1, 1, 1, 6, '2021-10-08 06:19:13', '2021-10-08 06:19:13'),
(8, 'Twinkies', 1, 1, 1, 1, 1, 6, '2021-10-08 06:19:40', '2021-10-08 06:19:40'),
(9, 'Hot choclate', 1, 1, 1, 1, 1, 5, '2021-10-08 06:20:00', '2021-10-08 06:20:00'),
(10, 'Pot roast', 1, 1, 1, 1, 1, 6, '2021-10-08 06:20:24', '2021-10-08 06:20:24'),
(11, 'Pot roast', 1, 1, 1, 1, 1, 6, '2021-10-08 06:21:08', '2021-10-08 06:21:08'),
(12, 'Lemonade', 1, 1, 1, 1, 1, 5, '2021-10-08 06:21:18', '2021-10-08 06:21:18'),
(13, 'Cobb salad', 1, 1, 1, 1, 1, 6, '2021-10-08 06:21:34', '2021-10-08 06:21:34'),
(14, 'Iced tea', 1, 1, 1, 1, 1, 5, '2021-10-08 06:21:53', '2021-10-08 06:21:53'),
(15, 'Dumplings', 1, 1, 1, 1, 1, 6, '2021-10-08 06:22:02', '2021-10-08 06:22:02'),
(16, 'Smoothie', 1, 1, 1, 1, 1, 5, '2021-10-08 06:22:24', '2021-10-08 06:22:24'),
(17, 'Chow Mein', 1, 1, 1, 1, 1, 6, '2021-10-08 06:22:42', '2021-10-08 06:22:42'),
(18, 'French onion Soup', 1, 1, 1, 1, 1, 5, '2021-10-08 06:23:01', '2021-10-08 06:24:25'),
(19, 'Barbecue Ribs', 1, 1, 1, 1, 1, 6, '2021-10-08 06:23:15', '2021-10-08 06:23:15'),
(20, 'Chicken confit', 1, 1, 1, 1, 1, 5, '2021-10-08 06:23:43', '2021-10-08 06:23:43'),
(21, 'Prawn Pie', 1, 1, 1, 1, 1, 2, '2021-10-08 06:23:58', '2021-10-08 06:23:58'),
(22, 'Poached Pear Salad', 1, 1, 1, 1, 1, 2, '2021-10-08 06:24:22', '2021-10-08 06:24:22'),
(23, 'Crispy Calamari Rings', 1, 1, 1, 1, 1, 2, '2021-10-08 06:24:48', '2021-10-08 06:24:48'),
(24, 'Salmon en papillote', 1, 1, 1, 1, 1, 5, '2021-10-08 06:25:06', '2021-10-08 06:25:06'),
(25, 'Sweet Potato Pie', 1, 1, 1, 1, 1, 2, '2021-10-08 06:25:24', '2021-10-08 06:25:24'),
(26, 'Tempura', 1, 1, 1, 1, 1, 2, '2021-10-08 06:25:56', '2021-10-08 06:25:56'),
(27, 'Quiche Lorraine', 1, 1, 1, 1, 1, 5, '2021-10-08 06:26:04', '2021-10-08 06:26:04'),
(28, 'Sushi', 1, 1, 1, 1, 1, 2, '2021-10-08 06:26:19', '2021-10-08 06:26:19'),
(29, 'Flamiche', 1, 1, 1, 1, 1, 5, '2021-10-08 06:26:39', '2021-10-08 06:26:39'),
(30, 'Miso Soup', 1, 1, 1, 1, 1, 2, '2021-10-08 06:26:41', '2021-10-08 06:26:41'),
(31, 'Unagi', 1, 1, 1, 1, 1, 2, '2021-10-08 06:27:07', '2021-10-08 06:27:07'),
(32, 'Choclate souffle', 1, 1, 1, 1, 1, 5, '2021-10-08 06:27:14', '2021-10-08 06:27:14'),
(33, 'Yakitori', 1, 1, 1, 1, 1, 2, '2021-10-08 06:27:30', '2021-10-08 06:27:30'),
(34, 'Beer', 1, 1, 1, 1, 1, 5, '2021-10-08 06:27:49', '2021-10-08 06:27:49'),
(35, 'Apple Sausage Plait', 1, 1, 1, 1, 1, 2, '2021-10-08 06:28:07', '2021-10-08 06:28:07'),
(36, 'Wine', 1, 1, 1, 1, 1, 5, '2021-10-08 06:28:12', '2021-10-08 06:28:12'),
(37, 'Peppered Pasta Salad', 1, 1, 1, 1, 1, 2, '2021-10-08 06:28:32', '2021-10-08 06:28:32'),
(38, 'Margherita price', 1, 1, 1, 1, 1, 4, '2021-10-08 06:30:08', '2021-10-08 06:30:08'),
(39, 'Almond and date cake', 1, 1, 1, 1, 1, 3, '2021-10-08 06:30:24', '2021-10-08 06:30:24'),
(40, 'Almond and date cake', 1, 1, 1, 1, 1, 3, '2021-10-08 06:30:27', '2021-10-08 06:30:27'),
(41, 'Mushroom Risotto', 1, 1, 1, 1, 1, 4, '2021-10-08 06:30:48', '2021-10-08 06:30:48'),
(42, 'Focaccia Bred', 1, 1, 1, 1, 1, 4, '2021-10-08 06:32:49', '2021-10-08 06:32:49'),
(43, 'Bruschetta', 1, 1, 1, 1, 1, 4, '2021-10-08 06:33:13', '2021-10-08 06:33:13'),
(44, 'Burger', 1, 1, 1, 1, 1, 4, '2021-10-08 06:34:11', '2021-10-08 06:34:11'),
(45, 'French fries', 1, 1, 1, 1, 1, 4, '2021-10-08 06:34:54', '2021-10-08 06:34:54'),
(46, 'choclate mouse', 1, 1, 1, 1, 1, 3, '2021-10-08 06:36:20', '2021-10-08 06:36:20'),
(47, 'Roasted strawberry crumble', 1, 1, 1, 1, 1, 3, '2021-10-08 06:37:00', '2021-10-08 06:37:00'),
(48, 'Apple cinnamon custard cake', 1, 1, 1, 1, 1, 3, '2021-10-08 06:37:50', '2021-10-08 06:37:50'),
(49, 'Small Cake and pastries', 1, 1, 1, 1, 1, 3, '2021-10-08 06:38:32', '2021-10-08 06:38:32'),
(50, 'almond cookie', 1, 1, 1, 1, 1, 3, '2021-10-08 06:39:02', '2021-10-08 06:39:02'),
(51, 'onigiri', 1, 1, 1, 1, 1, 2, '2021-10-08 06:42:55', '2021-10-08 06:42:55');




--
-- Dumping data for table `categories`
--


INSERT INTO `categories` (`id`, `icon`, `slug`, `type_id`, `image`, `is_visible`, `status`, `position`, `is_core`, `can_add_products`, `parent_id`, `vendor_id`, `client_code`, `display_mode`, `warning_page_id`, `template_type_id`, `warning_page_design`, `created_at`, `updated_at`, `deleted_at`, `show_wishlist`) VALUES
(1, NULL, 'Root', 3, NULL, 0, 1, 1, 1, 0, NULL, NULL, NULL, '1', NULL, NULL, NULL, NULL, NULL, NULL, 1),
(2, NULL, 'Delivery', 6, NULL, 0, 1, 1, 1, 0, 1, NULL, NULL, NULL, NULL, NULL, '0', NULL, '2021-10-01 14:38:40', '2021-10-01 14:38:40', 1),
(3, NULL, 'Restaurant', 6, NULL, 0, 1, 1, 1, 0, 1, NULL, NULL, NULL, NULL, NULL, '0', NULL, '2021-10-01 14:38:43', '2021-10-01 14:38:43', 1),
(4, NULL, 'Supermarket', 6, NULL, 0, 1, 1, 1, 0, 1, NULL, NULL, NULL, NULL, NULL, '0', NULL, '2021-10-01 14:38:29', '2021-10-01 14:38:29', 1),
(5, NULL, 'Pharmacy', 1, NULL, 0, 1, 1, 1, 1, 1, NULL, NULL, NULL, NULL, NULL, '0', NULL, '2021-10-01 14:38:47', '2021-10-01 14:38:47', 1),
(6, NULL, 'Send something', 1, NULL, 1, 1, 1, 1, 1, 2, NULL, NULL, '1', NULL, NULL, NULL, NULL, '2021-10-01 14:38:40', '2021-10-01 14:38:40', 1),
(7, NULL, 'Buy something', 1, NULL, 1, 1, 1, 1, 1, 2, NULL, NULL, '1', NULL, NULL, NULL, NULL, '2021-10-01 14:38:40', '2021-10-01 14:38:40', 1),
(8, NULL, 'Vegetables', 1, NULL, 1, 1, 1, 1, 1, 4, NULL, NULL, '1', NULL, NULL, NULL, NULL, '2021-10-01 14:38:29', '2021-10-01 14:38:29', 1),
(9, NULL, 'Fruits', 1, NULL, 1, 1, 1, 1, 1, 4, NULL, NULL, '1', NULL, NULL, NULL, NULL, '2021-10-01 14:38:29', '2021-10-01 14:38:29', 1),
(10, NULL, 'Dairy and Eggs', 1, NULL, 1, 1, 1, 1, 1, 4, NULL, NULL, '1', NULL, NULL, NULL, NULL, '2021-10-01 14:38:29', '2021-10-01 14:38:29', 1),
(11, NULL, 'E-Commerce', 6, NULL, 0, 1, 1, 1, 0, 1, NULL, NULL, NULL, NULL, NULL, '0', NULL, '2021-10-01 14:38:51', '2021-10-01 14:38:51', 1),
(12, NULL, 'Cloth', 1, NULL, 0, 1, 1, 1, 1, 1, NULL, NULL, NULL, NULL, NULL, '0', NULL, '2021-10-01 14:38:55', '2021-10-01 14:38:55', 1),
(13, NULL, 'Dispatcher', 1, NULL, 0, 1, 1, 1, 1, 1, NULL, NULL, NULL, NULL, NULL, '0', NULL, '2021-10-01 14:38:58', '2021-10-01 14:38:58', 1),
(14, 'category/icon/pIOL9Ew1KxiZCgYi830isBcruPOSZPLrT3pZqtyN.svg', 'continental', 3, 'category/image/MNvUuHJyCdmEybuo9Fvq8czcWJ5O03jdp4CAbHHw.jpg', 1, 1, 1, 1, 1, 1, NULL, NULL, NULL, NULL, NULL, '0', '2021-09-29 06:34:00', '2021-11-15 07:44:58', NULL, 1),
(15, 'category/icon/HtAyRywfahUa5VFQMq25M4Xn3RFqJH1SitHLiUpr.svg', 'beverages', 3, 'category/image/QYXlCzJ1sCM27JhampMGhHNkVfHYLNRqYUO3wQd2.jpg', 1, 1, 1, 1, 1, 1, NULL, NULL, NULL, NULL, NULL, '0', '2021-09-29 06:34:36', '2021-11-15 07:45:04', NULL, 1),
(16, 'category/icon/jlNBusNimmR0UaiBhJxLIf70xFxKzlk7JrVLeo8s.svg', 'italian', 3, 'category/image/r3ewtSj23SmLMyQvdkEQpMkRLCgsNFnjZmlcbqeD.jpg', 1, 1, 1, 1, 1, 1, NULL, NULL, NULL, NULL, NULL, '0', '2021-09-29 06:35:17', '2021-11-15 07:45:09', NULL, 1),
(17, 'category/icon/DWLMN5K6BKxhMOaC636A6EGAgNfd0XnyNqwdtEJq.svg', 'desserts', 3, 'category/image/USUijvnkV8Qn3cWdQTZxdZFBZjwbEjX2Ovcpdf65.jpg', 1, 1, 1, 1, 1, 1, NULL, NULL, NULL, NULL, NULL, '0', '2021-09-29 06:35:37', '2021-11-15 07:46:35', NULL, 1),
(18, 'category/icon/7QEbBAoVbX3hhMMalPGnxFpQOcxDyU4r8aJ0OIQw.svg', 'chinese', 3, 'category/image/gMm76w5BybxW7bq61v5t6GiAHUhTRd1cYu5Oz7NP.jpg', 1, 1, 1, 1, 1, 1, NULL, NULL, NULL, NULL, NULL, '0', '2021-09-29 06:36:28', '2021-11-15 07:46:46', NULL, 1),
(19, 'category/icon/pT8MzZor1BMQSuUrTiYx7Ypl219bZMZPChL8fcYm.svg', 'japanese', 3, 'category/image/Yjean6ZH57E4210jk2efISa4tssmiTfRKw9qTOJg.jpg', 1, 1, 1, 1, 1, 1, NULL, NULL, NULL, NULL, NULL, '0', '2021-10-08 04:50:56', '2021-11-15 07:46:51', NULL, 1),
(20, 'category/icon/hMxZjmOLpV5WUz0E0DrjWcqV5bMrspsKLMZ1rf12.svg', 'american', 3, 'category/image/UEZXOzUhb7vLDu9IurtPOzmZaY0p9iHCSA2CEtYk.jpg', 1, 1, 1, 1, 1, 1, NULL, NULL, NULL, NULL, NULL, '0', '2021-10-08 04:52:43', '2021-11-15 07:46:55', NULL, 1),
(21, 'category/icon/npXGKqbsaw17dWDIpvXcB4vkc2gYTzMieuCjRR19.svg', 'french', 3, 'category/image/7YF9lTm54IonJQsq4ueQk5jkBKpGAvn4eMv9PYQh.jpg', 1, 1, 1, 1, 1, 1, NULL, NULL, NULL, NULL, NULL, '0', '2021-10-08 04:53:22', '2021-11-15 09:24:07', NULL, 1);


--
-- Dumping data for table `addon_options`
--

INSERT INTO `addon_options` (`id`, `title`, `addon_id`, `position`, `price`, `created_at`, `updated_at`) VALUES
(1, 'Small parcel', 1, 1, '100.00', NULL, NULL),
(2, 'Half', 2, 1, '8.00', '2021-10-08 06:11:39', '2021-10-08 06:11:39'),
(3, 'Half', 3, 1, '7.00', '2021-10-08 06:12:31', '2021-10-08 06:12:31'),
(4, 'Full', 2, 1, '15.00', '2021-10-08 06:13:02', '2021-10-08 06:13:02'),
(5, 'Cheese filled', 2, 1, '20.00', '2021-10-08 06:13:04', '2021-10-08 06:48:06'),
(6, 'non-veg', 2, 1, '15.00', '2021-10-08 06:13:08', '2021-10-08 06:50:00'),
(7, 'Full', 3, 1, '16.00', '2021-10-08 06:15:27', '2021-10-08 06:15:27'),
(8, 'Half', 4, 1, '9.00', '2021-10-08 06:16:19', '2021-10-08 06:16:19'),
(9, 'Full', 4, 2, '8.00', '2021-10-08 06:16:19', '2021-10-08 06:16:19'),
(10, 'Half', 5, 1, '7.00', '2021-10-08 06:16:52', '2021-10-08 06:16:52'),
(11, 'Full', 5, 2, '16.00', '2021-10-08 06:16:52', '2021-10-08 06:16:52'),
(12, 'Half', 6, 1, '8.00', '2021-10-08 06:18:43', '2021-10-08 06:18:43'),
(13, 'Full', 6, 2, '17.00', '2021-10-08 06:18:43', '2021-10-08 06:18:43'),
(14, 'Half', 7, 1, '7.00', '2021-10-08 06:19:13', '2021-10-08 06:19:13'),
(15, 'Full', 7, 2, '14.00', '2021-10-08 06:19:13', '2021-10-08 06:19:13'),
(16, 'Half', 8, 1, '10.00', '2021-10-08 06:19:40', '2021-10-08 06:19:40'),
(17, 'Full', 8, 2, '18.00', '2021-10-08 06:19:40', '2021-10-08 06:19:40'),
(18, 'half', 9, 1, '10.00', '2021-10-08 06:20:00', '2021-10-08 06:20:00'),
(19, 'full', 9, 2, '20.00', '2021-10-08 06:20:00', '2021-10-08 06:20:00'),
(20, 'Half', 10, 1, '9.00', '2021-10-08 06:20:24', '2021-10-08 06:20:24'),
(21, 'Full', 10, 2, '16.00', '2021-10-08 06:20:24', '2021-10-08 06:20:24'),
(22, 'Half', 11, 1, '9.00', '2021-10-08 06:21:08', '2021-10-08 06:21:08'),
(23, 'Half', 11, 2, '19.00', '2021-10-08 06:21:08', '2021-10-08 06:21:08'),
(24, 'Half', 12, 1, '10.00', '2021-10-08 06:21:18', '2021-10-08 06:21:18'),
(25, 'Full', 12, 2, '20.00', '2021-10-08 06:21:18', '2021-10-08 06:21:18'),
(26, 'Half', 13, 1, '10.00', '2021-10-08 06:21:34', '2021-10-08 06:21:34'),
(27, 'Full', 13, 2, '18.00', '2021-10-08 06:21:34', '2021-10-08 06:21:34'),
(28, 'Half', 14, 1, '10.00', '2021-10-08 06:21:53', '2021-10-08 06:21:53'),
(29, 'Full', 14, 2, '20.00', '2021-10-08 06:21:53', '2021-10-08 06:21:53'),
(30, 'Half', 15, 1, '6.00', '2021-10-08 06:22:02', '2021-10-08 06:22:02'),
(31, 'Full', 15, 2, '15.00', '2021-10-08 06:22:02', '2021-10-08 06:22:02'),
(32, 'Half', 16, 1, '7.00', '2021-10-08 06:22:24', '2021-10-08 06:22:24'),
(33, 'Full', 16, 2, '14.00', '2021-10-08 06:22:24', '2021-10-08 06:22:24'),
(34, 'Half', 17, 1, '8.00', '2021-10-08 06:22:42', '2021-10-08 06:22:42'),
(35, 'Full', 17, 2, '16.00', '2021-10-08 06:22:42', '2021-10-08 06:22:42'),
(36, 'Half', 18, 1, '7.00', '2021-10-08 06:23:01', '2021-10-08 06:23:01'),
(37, 'Full', 18, 2, '14.00', '2021-10-08 06:23:01', '2021-10-08 06:23:01'),
(38, 'Half', 19, 1, '8.00', '2021-10-08 06:23:15', '2021-10-08 06:23:15'),
(39, 'Full', 19, 2, '18.00', '2021-10-08 06:23:15', '2021-10-08 06:23:15'),
(40, 'Half', 20, 1, '5.00', '2021-10-08 06:23:43', '2021-10-08 06:23:43'),
(41, 'Full', 20, 2, '10.00', '2021-10-08 06:23:43', '2021-10-08 06:23:43'),
(42, 'Half', 21, 1, '6.00', '2021-10-08 06:23:58', '2021-10-08 06:23:58'),
(43, 'Full', 21, 2, '14.00', '2021-10-08 06:23:58', '2021-10-08 06:23:58'),
(44, 'Half', 22, 1, '8.00', '2021-10-08 06:24:22', '2021-10-08 06:24:22'),
(45, 'Full', 22, 2, '17.00', '2021-10-08 06:24:22', '2021-10-08 06:24:22'),
(46, 'Half', 23, 1, '8.00', '2021-10-08 06:24:48', '2021-10-08 06:24:48'),
(47, 'Full', 23, 2, '17.00', '2021-10-08 06:24:48', '2021-10-08 06:24:48'),
(48, 'Half', 24, 1, '8.00', '2021-10-08 06:25:06', '2021-10-08 06:25:06'),
(49, 'Full', 24, 2, '16.00', '2021-10-08 06:25:06', '2021-10-08 06:25:06'),
(50, 'Half', 25, 1, '9.00', '2021-10-08 06:25:24', '2021-10-08 06:25:24'),
(51, 'Full', 25, 2, '17.00', '2021-10-08 06:25:24', '2021-10-08 06:25:24'),
(52, 'Half', 26, 1, '5.00', '2021-10-08 06:25:56', '2021-10-08 06:25:56'),
(53, 'Full', 26, 2, '10.00', '2021-10-08 06:25:56', '2021-10-08 06:25:56'),
(54, 'Half', 27, 1, '7.00', '2021-10-08 06:26:04', '2021-10-08 06:26:04'),
(55, 'Full', 27, 2, '14.00', '2021-10-08 06:26:04', '2021-10-08 06:26:04'),
(56, 'Half', 28, 1, '8.00', '2021-10-08 06:26:19', '2021-10-08 06:26:19'),
(57, 'Full', 28, 2, '15.00', '2021-10-08 06:26:19', '2021-10-08 06:26:19'),
(58, 'Half', 29, 1, '10.00', '2021-10-08 06:26:39', '2021-10-08 06:26:39'),
(59, 'Full', 29, 2, '20.00', '2021-10-08 06:26:39', '2021-10-08 06:26:39'),
(60, 'Half', 30, 1, '9.00', '2021-10-08 06:26:41', '2021-10-08 06:26:41'),
(61, 'Full', 30, 2, '18.00', '2021-10-08 06:26:41', '2021-10-08 06:26:41'),
(62, 'Half', 31, 1, '8.00', '2021-10-08 06:27:07', '2021-10-08 06:27:07'),
(63, 'Full', 31, 2, '17.00', '2021-10-08 06:27:07', '2021-10-08 06:27:07'),
(64, 'Half', 32, 1, '7.00', '2021-10-08 06:27:14', '2021-10-08 06:27:14'),
(65, 'Full', 32, 2, '14.00', '2021-10-08 06:27:14', '2021-10-08 06:27:14'),
(66, 'Half', 33, 1, '12.00', '2021-10-08 06:27:30', '2021-10-08 06:27:30'),
(67, 'Full', 33, 2, '20.00', '2021-10-08 06:27:30', '2021-10-08 06:27:30'),
(68, 'Half', 34, 1, '5.00', '2021-10-08 06:27:49', '2021-10-08 06:27:49'),
(69, 'Full', 34, 2, '10.00', '2021-10-08 06:27:49', '2021-10-08 06:27:49'),
(70, 'Half', 35, 1, '8.00', '2021-10-08 06:28:07', '2021-10-08 06:28:07'),
(71, 'Full', 35, 2, '15.00', '2021-10-08 06:28:07', '2021-10-08 06:28:07'),
(72, 'Half', 36, 1, '7.00', '2021-10-08 06:28:12', '2021-10-08 06:28:12'),
(73, 'Full', 36, 2, '14.00', '2021-10-08 06:28:12', '2021-10-08 06:28:12'),
(74, 'Half', 37, 1, '6.00', '2021-10-08 06:28:32', '2021-10-08 06:28:32'),
(75, 'Full', 37, 2, '14.00', '2021-10-08 06:28:32', '2021-10-08 06:28:32'),
(76, 'Half', 38, 1, '7.00', '2021-10-08 06:30:08', '2021-10-08 06:30:08'),
(77, 'Full', 38, 2, '14.00', '2021-10-08 06:30:08', '2021-10-08 06:30:08'),
(78, 'Half', 39, 1, '10.00', '2021-10-08 06:30:24', '2021-10-08 06:30:24'),
(79, 'Full', 39, 2, '18.00', '2021-10-08 06:30:24', '2021-10-08 06:30:24'),
(80, 'Half', 40, 1, '10.00', '2021-10-08 06:30:27', '2021-10-08 06:30:27'),
(81, 'Full', 40, 2, '18.00', '2021-10-08 06:30:27', '2021-10-08 06:30:27'),
(82, 'Half', 41, 1, '10.00', '2021-10-08 06:30:48', '2021-10-08 06:30:48'),
(83, 'Full', 41, 2, '20.00', '2021-10-08 06:30:48', '2021-10-08 06:30:48'),
(84, 'Half', 42, 1, '7.00', '2021-10-08 06:32:49', '2021-10-08 06:32:49'),
(85, 'Full', 42, 2, '14.00', '2021-10-08 06:32:49', '2021-10-08 06:32:49'),
(86, 'Half', 43, 1, '10.00', '2021-10-08 06:33:13', '2021-10-08 06:33:13'),
(87, 'Full', 43, 2, '20.00', '2021-10-08 06:33:13', '2021-10-08 06:33:13'),
(88, 'Single Tikki Burger', 44, 1, '7.00', '2021-10-08 06:34:11', '2021-10-08 06:34:11'),
(89, 'Double Tikki Burger', 44, 2, '14.00', '2021-10-08 06:34:11', '2021-10-08 06:34:11'),
(90, 'Half', 45, 1, '10.00', '2021-10-08 06:34:54', '2021-10-08 06:34:54'),
(91, 'Full', 45, 2, '20.00', '2021-10-08 06:34:54', '2021-10-08 06:34:54'),
(92, 'Half', 46, 1, '8.00', '2021-10-08 06:36:20', '2021-10-08 06:36:20'),
(93, 'Full', 46, 2, '16.00', '2021-10-08 06:36:20', '2021-10-08 06:36:20'),
(94, 'Half', 47, 1, '10.00', '2021-10-08 06:37:00', '2021-10-08 06:37:00'),
(95, 'Full', 47, 2, '20.00', '2021-10-08 06:37:00', '2021-10-08 06:37:00'),
(96, 'Half', 48, 1, '7.00', '2021-10-08 06:37:50', '2021-10-08 06:37:50'),
(97, 'Full', 48, 2, '14.00', '2021-10-08 06:37:50', '2021-10-08 06:37:50'),
(98, 'Half', 49, 1, '8.00', '2021-10-08 06:38:32', '2021-10-08 06:38:32'),
(99, 'Full', 49, 2, '16.00', '2021-10-08 06:38:32', '2021-10-08 06:38:32'),
(100, 'Half', 50, 1, '7.00', '2021-10-08 06:39:02', '2021-10-08 06:39:02'),
(101, 'Full', 50, 2, '14.00', '2021-10-08 06:39:02', '2021-10-08 06:39:02'),
(102, 'Half', 51, 1, '7.00', '2021-10-08 06:42:55', '2021-10-08 06:42:55'),
(103, 'Full', 51, 2, '14.00', '2021-10-08 06:42:55', '2021-10-08 06:42:55'),
(104, 'Extra choclate', 3, 1, '17.00', '2021-10-08 06:50:31', '2021-10-08 06:50:31'),
(105, 'Extra cheesy', 4, 1, '10.00', '2021-10-08 06:51:26', '2021-10-08 06:51:26'),
(106, 'Cheesy', 6, 1, '20.00', '2021-10-08 06:52:28', '2021-10-08 06:52:28'),
(107, 'Cheese stuffed', 5, 1, '18.00', '2021-10-08 06:53:00', '2021-10-08 06:53:00'),
(108, 'Extra Cheese stuffed', 5, 1, '18.00', '2021-10-08 06:53:04', '2021-10-08 06:53:30'),
(109, 'With extra Cheese', 38, 1, '15.00', '2021-10-08 06:53:28', '2021-10-08 06:53:28'),
(110, 'Without Cheese', 38, 1, '10.00', '2021-10-08 06:53:28', '2021-10-08 06:53:28'),
(111, 'Cheese stuffed', 7, 1, '15.00', '2021-10-08 06:53:51', '2021-10-08 06:53:51'),
(112, 'With extra Cheese', 41, 1, '20.00', '2021-10-08 06:54:13', '2021-10-08 06:54:13'),
(113, 'Without Cheese', 41, 1, '15.00', '2021-10-08 06:54:13', '2021-10-08 06:54:13'),
(114, 'Extra Cheese stuffed', 8, 1, '20.00', '2021-10-08 06:54:17', '2021-10-08 06:54:17'),
(115, 'With extra Cheese', 42, 1, '22.00', '2021-10-08 06:54:32', '2021-10-08 06:54:32'),
(116, 'Without Cheese', 42, 1, '18.00', '2021-10-08 06:54:32', '2021-10-08 06:54:32'),
(117, 'With extra Cheese', 43, 1, '20.00', '2021-10-08 06:54:50', '2021-10-08 06:54:50'),
(118, 'Without Cheese', 43, 1, '15.00', '2021-10-08 06:54:50', '2021-10-08 06:54:50'),
(119, 'With extra Cheese', 44, 1, '22.00', '2021-10-08 06:55:08', '2021-10-08 06:55:08'),
(120, 'Without Cheese', 44, 1, '18.00', '2021-10-08 06:55:08', '2021-10-08 06:55:08'),
(121, 'Extra Spicy', 10, 1, '18.00', '2021-10-08 06:55:17', '2021-10-08 06:55:17'),
(122, 'With extra Cheese', 45, 1, '18.00', '2021-10-08 06:55:58', '2021-10-08 06:55:58'),
(123, 'Without Cheese', 45, 1, '14.00', '2021-10-08 06:55:58', '2021-10-08 06:55:58'),
(124, 'Extra Spicy', 11, 1, '20.00', '2021-10-08 06:56:38', '2021-10-08 06:56:38'),
(125, 'vegetables stuffed', 13, 1, '20.00', '2021-10-08 06:57:01', '2021-10-08 06:57:18'),
(126, 'Extra Spicy', 15, 1, '17.00', '2021-10-08 06:57:30', '2021-10-08 06:57:30'),
(127, 'Extra Spicy', 17, 1, '17.00', '2021-10-08 06:58:18', '2021-10-08 06:58:18'),
(128, 'With extra Sugar', 39, 1, '20.00', '2021-10-08 06:58:29', '2021-10-08 06:58:29'),
(129, 'Without Sugar', 39, 1, '15.00', '2021-10-08 06:58:29', '2021-10-08 06:58:29'),
(130, 'Cheese stuffed', 19, 1, '19.00', '2021-10-08 06:58:32', '2021-10-08 06:58:44'),
(131, 'With extra Sugar', 40, 1, '20.00', '2021-10-08 06:59:01', '2021-10-08 06:59:01'),
(132, 'Without Sugar', 40, 1, '14.00', '2021-10-08 06:59:01', '2021-10-08 06:59:01'),
(133, 'With extra Sugar', 46, 1, '22.00', '2021-10-08 06:59:25', '2021-10-08 06:59:25'),
(134, 'Without Sugar', 46, 1, '15.00', '2021-10-08 06:59:25', '2021-10-08 06:59:25'),
(135, 'Spicy', 21, 1, '15.00', '2021-10-08 06:59:35', '2021-10-08 06:59:35'),
(136, 'With extra Sugar', 47, 1, '22.00', '2021-10-08 06:59:54', '2021-10-08 06:59:54'),
(137, 'Without Sugar', 47, 1, '16.00', '2021-10-08 06:59:54', '2021-10-08 06:59:54'),
(138, 'Extra toppings', 22, 1, '20.00', '2021-10-08 07:00:12', '2021-10-08 07:00:56'),
(139, 'With extra Sugar', 48, 1, '24.00', '2021-10-08 07:00:14', '2021-10-08 07:00:14'),
(140, 'Without Sugar', 48, 1, '18.00', '2021-10-08 07:00:14', '2021-10-08 07:00:14'),
(141, 'With extra Sugar', 49, 1, '24.00', '2021-10-08 07:00:34', '2021-10-08 07:00:34'),
(142, 'Without Sugar', 49, 1, '18.00', '2021-10-08 07:00:34', '2021-10-08 07:00:34'),
(143, 'With extra Sugar', 49, 1, '24.00', '2021-10-08 07:00:37', '2021-10-08 07:00:37'),
(144, 'Without Sugar', 49, 1, '18.00', '2021-10-08 07:00:37', '2021-10-08 07:00:37'),
(145, 'With extra Sugar', 50, 1, '23.00', '2021-10-08 07:01:02', '2021-10-08 07:01:02'),
(146, 'Without Sugar', 50, 1, '17.00', '2021-10-08 07:01:02', '2021-10-08 07:01:02'),
(147, 'Cheese stuffed', 23, 1, '20.00', '2021-10-08 07:01:11', '2021-10-08 07:01:11'),
(148, 'eggless', 25, 1, '20.00', '2021-10-08 07:02:26', '2021-10-08 07:02:26'),
(149, 'eggless', 25, 1, '20.00', '2021-10-08 07:02:29', '2021-10-08 07:02:29'),
(150, 'eggless', 25, 1, '20.00', '2021-10-08 07:02:32', '2021-10-08 07:02:32'),
(151, 'vegetables Tempura', 26, 1, '15.00', '2021-10-08 07:03:07', '2021-10-08 07:03:07'),
(152, 'Sushi with rice', 28, 1, '20.00', '2021-10-08 07:04:07', '2021-10-08 07:04:07'),
(153, 'With extra Chocolate', 9, 1, '25.00', '2021-10-08 07:04:11', '2021-10-08 07:04:11'),
(154, 'With extra Sugar', 12, 1, '25.00', '2021-10-08 07:04:42', '2021-10-08 07:04:42'),
(155, 'Veg', 30, 1, '15.00', '2021-10-08 07:05:09', '2021-10-08 07:05:09'),
(156, 'With extra Ice', 14, 1, '24.00', '2021-10-08 07:05:12', '2021-10-08 07:05:12'),
(157, 'With extra Ice', 14, 1, '24.00', '2021-10-08 07:05:20', '2021-10-08 07:05:20'),
(158, 'With extra Ice', 14, 1, '24.00', '2021-10-08 07:05:33', '2021-10-08 07:05:33'),
(159, 'Extra Spicy', 31, 1, '20.00', '2021-10-08 07:05:50', '2021-10-08 07:05:50'),
(160, 'Extra Spicy', 33, 1, '20.00', '2021-10-08 07:06:51', '2021-10-08 07:06:51'),
(161, 'eggless', 35, 1, '14.00', '2021-10-08 07:08:26', '2021-10-08 07:08:37'),
(162, 'Cheesy', 37, 1, '15.00', '2021-10-08 07:09:35', '2021-10-08 07:09:35'),
(163, 'Tsuna Mayo', 51, 1, '16.00', '2021-10-08 07:10:58', '2021-10-08 07:10:58'),
(164, 'Tsuna Mayo', 51, 1, '16.00', '2021-10-08 07:11:19', '2021-10-08 07:11:19');

-- --------------------------------------------------------


--
-- Dumping data for table `addon_option_translations`
--

INSERT INTO `addon_option_translations` (`id`, `title`, `addon_opt_id`, `language_id`, `created_at`, `updated_at`) VALUES
(1, 'Small parcel', 1, 1, NULL, '2021-09-29 07:50:37'),
(2, 'Half', 2, 1, NULL, NULL),
(3, 'Half', 3, 1, NULL, NULL),
(4, 'Full', 4, 1, '2021-10-08 06:13:02', '2021-10-08 06:13:02'),
(5, 'Cheese filled', 5, 1, '2021-10-08 06:13:04', '2021-10-08 06:48:06'),
(6, 'non-veg', 6, 1, '2021-10-08 06:13:08', '2021-10-08 06:50:00'),
(7, 'Full', 7, 1, '2021-10-08 06:15:27', '2021-10-08 06:15:27'),
(8, 'Half', 8, 1, NULL, NULL),
(9, 'Full', 9, 1, NULL, NULL),
(10, 'Half', 10, 1, NULL, NULL),
(11, 'Full', 11, 1, NULL, NULL),
(12, 'Half', 12, 1, NULL, NULL),
(13, 'Full', 13, 1, NULL, NULL),
(14, 'Half', 14, 1, NULL, NULL),
(15, 'Full', 15, 1, NULL, NULL),
(16, 'Half', 16, 1, NULL, NULL),
(17, 'Full', 17, 1, NULL, NULL),
(18, 'half', 18, 1, NULL, NULL),
(19, 'full', 19, 1, NULL, NULL),
(20, 'Half', 20, 1, NULL, NULL),
(21, 'Full', 21, 1, NULL, NULL),
(22, 'Half', 22, 1, NULL, NULL),
(23, 'Half', 23, 1, NULL, NULL),
(24, 'Half', 24, 1, NULL, NULL),
(25, 'Full', 25, 1, NULL, NULL),
(26, 'Half', 26, 1, NULL, NULL),
(27, 'Full', 27, 1, NULL, NULL),
(28, 'Half', 28, 1, NULL, NULL),
(29, 'Full', 29, 1, NULL, NULL),
(30, 'Half', 30, 1, NULL, NULL),
(31, 'Full', 31, 1, NULL, NULL),
(32, 'Half', 32, 1, NULL, NULL),
(33, 'Full', 33, 1, NULL, NULL),
(34, 'Half', 34, 1, NULL, NULL),
(35, 'Full', 35, 1, NULL, NULL),
(36, 'Half', 36, 1, NULL, NULL),
(37, 'Full', 37, 1, NULL, NULL),
(38, 'Half', 38, 1, NULL, NULL),
(39, 'Full', 39, 1, NULL, NULL),
(40, 'Half', 40, 1, NULL, NULL),
(41, 'Full', 41, 1, NULL, NULL),
(42, 'Half', 42, 1, NULL, NULL),
(43, 'Full', 43, 1, NULL, NULL),
(44, 'Half', 44, 1, NULL, NULL),
(45, 'Full', 45, 1, NULL, NULL),
(46, 'Half', 46, 1, NULL, NULL),
(47, 'Full', 47, 1, NULL, NULL),
(48, 'Half', 48, 1, NULL, NULL),
(49, 'Full', 49, 1, NULL, NULL),
(50, 'Half', 50, 1, NULL, NULL),
(51, 'Full', 51, 1, NULL, NULL),
(52, 'Half', 52, 1, NULL, NULL),
(53, 'Full', 53, 1, NULL, NULL),
(54, 'Half', 54, 1, NULL, NULL),
(55, 'Full', 55, 1, NULL, NULL),
(56, 'Half', 56, 1, NULL, NULL),
(57, 'Full', 57, 1, NULL, NULL),
(58, 'Half', 58, 1, NULL, NULL),
(59, 'Full', 59, 1, NULL, NULL),
(60, 'Half', 60, 1, NULL, NULL),
(61, 'Full', 61, 1, NULL, NULL),
(62, 'Half', 62, 1, NULL, NULL),
(63, 'Full', 63, 1, NULL, NULL),
(64, 'Half', 64, 1, NULL, NULL),
(65, 'Full', 65, 1, NULL, NULL),
(66, 'Half', 66, 1, NULL, NULL),
(67, 'Full', 67, 1, NULL, NULL),
(68, 'Half', 68, 1, NULL, NULL),
(69, 'Full', 69, 1, NULL, NULL),
(70, 'Half', 70, 1, NULL, NULL),
(71, 'Full', 71, 1, NULL, NULL),
(72, 'Half', 72, 1, NULL, NULL),
(73, 'Full', 73, 1, NULL, NULL),
(74, 'Half', 74, 1, NULL, NULL),
(75, 'Full', 75, 1, NULL, NULL),
(76, 'Half', 76, 1, NULL, NULL),
(77, 'Full', 77, 1, NULL, NULL),
(78, 'Half', 78, 1, NULL, NULL),
(79, 'Full', 79, 1, NULL, NULL),
(80, 'Half', 80, 1, NULL, NULL),
(81, 'Full', 81, 1, NULL, NULL),
(82, 'Half', 82, 1, NULL, NULL),
(83, 'Full', 83, 1, NULL, NULL),
(84, 'Half', 84, 1, NULL, NULL),
(85, 'Full', 85, 1, NULL, NULL),
(86, 'Half', 86, 1, NULL, NULL),
(87, 'Full', 87, 1, NULL, NULL),
(88, 'Single Tikki Burger', 88, 1, NULL, NULL),
(89, 'Double Tikki Burger', 89, 1, NULL, NULL),
(90, 'Half', 90, 1, NULL, NULL),
(91, 'Full', 91, 1, NULL, NULL),
(92, 'Half', 92, 1, NULL, NULL),
(93, 'Full', 93, 1, NULL, NULL),
(94, 'Half', 94, 1, NULL, NULL),
(95, 'Full', 95, 1, NULL, NULL),
(96, 'Half', 96, 1, NULL, NULL),
(97, 'Full', 97, 1, NULL, NULL),
(98, 'Half', 98, 1, NULL, NULL),
(99, 'Full', 99, 1, NULL, NULL),
(100, 'Half', 100, 1, NULL, NULL),
(101, 'Full', 101, 1, NULL, NULL),
(102, 'Half', 102, 1, NULL, NULL),
(103, 'Full', 103, 1, NULL, NULL),
(104, 'Extra choclate', 104, 1, '2021-10-08 06:50:31', '2021-10-08 06:50:31'),
(105, 'Extra cheesy', 105, 1, '2021-10-08 06:51:26', '2021-10-08 06:51:26'),
(106, 'Cheesy', 106, 1, '2021-10-08 06:52:28', '2021-10-08 06:52:28'),
(107, 'Cheese stuffed', 107, 1, '2021-10-08 06:53:00', '2021-10-08 06:53:00'),
(108, 'Extra Cheese stuffed', 108, 1, '2021-10-08 06:53:04', '2021-10-08 06:53:30'),
(109, 'With extra Cheese', 109, 1, '2021-10-08 06:53:28', '2021-10-08 06:53:28'),
(110, 'Without Cheese', 110, 1, '2021-10-08 06:53:28', '2021-10-08 06:53:28'),
(111, 'Cheese stuffed', 111, 1, '2021-10-08 06:53:51', '2021-10-08 06:53:51'),
(112, 'With extra Cheese', 112, 1, '2021-10-08 06:54:13', '2021-10-08 06:54:13'),
(113, 'Without Cheese', 113, 1, '2021-10-08 06:54:13', '2021-10-08 06:54:13'),
(114, 'Extra Cheese stuffed', 114, 1, '2021-10-08 06:54:17', '2021-10-08 06:54:17'),
(115, 'With extra Cheese', 115, 1, '2021-10-08 06:54:32', '2021-10-08 06:54:32'),
(116, 'Without Cheese', 116, 1, '2021-10-08 06:54:32', '2021-10-08 06:54:32'),
(117, 'With extra Cheese', 117, 1, '2021-10-08 06:54:50', '2021-10-08 06:54:50'),
(118, 'Without Cheese', 118, 1, '2021-10-08 06:54:50', '2021-10-08 06:54:50'),
(119, 'With extra Cheese', 119, 1, '2021-10-08 06:55:08', '2021-10-08 06:55:08'),
(120, 'Without Cheese', 120, 1, '2021-10-08 06:55:08', '2021-10-08 06:55:08'),
(121, 'Extra Spicy', 121, 1, '2021-10-08 06:55:17', '2021-10-08 06:55:17'),
(122, 'With extra Cheese', 122, 1, '2021-10-08 06:55:58', '2021-10-08 06:55:58'),
(123, 'Without Cheese', 123, 1, '2021-10-08 06:55:58', '2021-10-08 06:55:58'),
(124, 'Extra Spicy', 124, 1, '2021-10-08 06:56:38', '2021-10-08 06:56:38'),
(125, 'vegetables stuffed', 125, 1, '2021-10-08 06:57:01', '2021-10-08 06:57:18'),
(126, 'Extra Spicy', 126, 1, '2021-10-08 06:57:30', '2021-10-08 06:57:30'),
(127, 'Extra Spicy', 127, 1, '2021-10-08 06:58:18', '2021-10-08 06:58:18'),
(128, 'With extra Sugar', 128, 1, '2021-10-08 06:58:29', '2021-10-08 06:58:29'),
(129, 'Without Sugar', 129, 1, '2021-10-08 06:58:29', '2021-10-08 06:58:29'),
(130, 'Cheese stuffed', 130, 1, '2021-10-08 06:58:32', '2021-10-08 06:58:44'),
(131, 'With extra Sugar', 131, 1, '2021-10-08 06:59:01', '2021-10-08 06:59:01'),
(132, 'Without Sugar', 132, 1, '2021-10-08 06:59:01', '2021-10-08 06:59:01'),
(133, 'With extra Sugar', 133, 1, '2021-10-08 06:59:25', '2021-10-08 06:59:25'),
(134, 'Without Sugar', 134, 1, '2021-10-08 06:59:25', '2021-10-08 06:59:25'),
(135, 'Spicy', 135, 1, '2021-10-08 06:59:35', '2021-10-08 06:59:35'),
(136, 'With extra Sugar', 136, 1, '2021-10-08 06:59:54', '2021-10-08 06:59:54'),
(137, 'Without Sugar', 137, 1, '2021-10-08 06:59:54', '2021-10-08 06:59:54'),
(138, 'Extra toppings', 138, 1, '2021-10-08 07:00:12', '2021-10-08 07:00:56'),
(139, 'With extra Sugar', 139, 1, '2021-10-08 07:00:14', '2021-10-08 07:00:14'),
(140, 'Without Sugar', 140, 1, '2021-10-08 07:00:14', '2021-10-08 07:00:14'),
(141, 'With extra Sugar', 141, 1, '2021-10-08 07:00:34', '2021-10-08 07:00:34'),
(142, 'Without Sugar', 142, 1, '2021-10-08 07:00:34', '2021-10-08 07:00:34'),
(143, 'With extra Sugar', 143, 1, '2021-10-08 07:00:37', '2021-10-08 07:00:37'),
(144, 'Without Sugar', 144, 1, '2021-10-08 07:00:37', '2021-10-08 07:00:37'),
(145, 'With extra Sugar', 145, 1, '2021-10-08 07:01:02', '2021-10-08 07:01:02'),
(146, 'Without Sugar', 146, 1, '2021-10-08 07:01:02', '2021-10-08 07:01:02'),
(147, 'Cheese stuffed', 147, 1, '2021-10-08 07:01:11', '2021-10-08 07:01:11'),
(148, 'eggless', 148, 1, '2021-10-08 07:02:26', '2021-10-08 07:02:26'),
(149, 'eggless', 149, 1, '2021-10-08 07:02:29', '2021-10-08 07:02:29'),
(150, 'eggless', 150, 1, '2021-10-08 07:02:32', '2021-10-08 07:02:32'),
(151, 'vegetables Tempura', 151, 1, '2021-10-08 07:03:07', '2021-10-08 07:03:07'),
(152, 'Sushi with rice', 152, 1, '2021-10-08 07:04:07', '2021-10-08 07:04:07'),
(153, 'With extra Chocolate', 153, 1, '2021-10-08 07:04:11', '2021-10-08 07:04:11'),
(154, 'With extra Sugar', 154, 1, '2021-10-08 07:04:42', '2021-10-08 07:04:42'),
(155, 'Veg', 155, 1, '2021-10-08 07:05:09', '2021-10-08 07:05:09'),
(156, 'With extra Ice', 156, 1, '2021-10-08 07:05:12', '2021-10-08 07:05:12'),
(157, 'With extra Ice', 157, 1, '2021-10-08 07:05:20', '2021-10-08 07:05:20'),
(158, 'With extra Ice', 158, 1, '2021-10-08 07:05:33', '2021-10-08 07:05:33'),
(159, 'Extra Spicy', 159, 1, '2021-10-08 07:05:50', '2021-10-08 07:05:50'),
(160, 'Extra Spicy', 160, 1, '2021-10-08 07:06:51', '2021-10-08 07:06:51'),
(161, 'eggless', 161, 1, '2021-10-08 07:08:26', '2021-10-08 07:08:26'),
(162, 'Cheesy', 162, 1, '2021-10-08 07:09:35', '2021-10-08 07:09:35'),
(163, 'Tsuna Mayo', 163, 1, '2021-10-08 07:10:58', '2021-10-08 07:10:58'),
(164, 'Tsuna Mayo', 164, 1, '2021-10-08 07:11:19', '2021-10-08 07:11:19');

-- --------------------------------------------------------


-- --------------------------------------------------------


--
-- Dumping data for table `addon_set_translations`
--

INSERT INTO `addon_set_translations` (`id`, `title`, `addon_id`, `language_id`, `created_at`, `updated_at`) VALUES
(1, 'Small Parcels', 1, 1, NULL, NULL),
(2, 'Dim Sums', 2, 1, NULL, NULL),
(3, 'Chocolate mousse', 3, 1, NULL, NULL),
(4, 'Chicken with Chestnuts', 4, 1, NULL, NULL),
(5, 'Spring Rolls', 5, 1, NULL, NULL),
(6, 'Hot&CrispyChicken', 6, 1, NULL, NULL),
(7, 'Fajitas', 7, 1, NULL, NULL),
(8, 'Twinkies', 8, 1, NULL, NULL),
(9, 'Hot choclate', 9, 1, NULL, NULL),
(10, 'Pot roast', 10, 1, NULL, NULL),
(11, 'Pot roast', 11, 1, NULL, NULL),
(12, 'Lemonade', 12, 1, NULL, NULL),
(13, 'Cobb salad', 13, 1, NULL, NULL),
(14, 'Iced tea', 14, 1, NULL, NULL),
(15, 'Dumplings', 15, 1, NULL, NULL),
(16, 'Smoothie', 16, 1, NULL, NULL),
(17, 'Chow Mein', 17, 1, NULL, NULL),
(18, 'French onion Soup', 18, 1, NULL, '2021-10-08 06:24:25'),
(19, 'Barbecue Ribs', 19, 1, NULL, NULL),
(20, 'Chicken confit', 20, 1, NULL, NULL),
(21, 'Prawn Pie', 21, 1, NULL, NULL),
(22, 'Poached Pear Salad', 22, 1, NULL, NULL),
(23, 'Crispy Calamari Rings', 23, 1, NULL, NULL),
(24, 'Salmon en papillote', 24, 1, NULL, NULL),
(25, 'Sweet Potato Pie', 25, 1, NULL, NULL),
(26, 'Tempura', 26, 1, NULL, NULL),
(27, 'Quiche Lorraine', 27, 1, NULL, NULL),
(28, 'Sushi', 28, 1, NULL, NULL),
(29, 'Flamiche', 29, 1, NULL, NULL),
(30, 'Miso Soup', 30, 1, NULL, NULL),
(31, 'Unagi', 31, 1, NULL, NULL),
(32, 'Choclate souffle', 32, 1, NULL, NULL),
(33, 'Yakitori', 33, 1, NULL, NULL),
(34, 'Beer', 34, 1, NULL, NULL),
(35, 'Apple Sausage Plait', 35, 1, NULL, NULL),
(36, 'Wine', 36, 1, NULL, NULL),
(37, 'Peppered Pasta Salad', 37, 1, NULL, NULL),
(38, 'Margherita price', 38, 1, NULL, NULL),
(39, 'Almond and date cake', 39, 1, NULL, NULL),
(40, 'Almond and date cake', 40, 1, NULL, NULL),
(41, 'Mushroom Risotto', 41, 1, NULL, NULL),
(42, 'Focaccia Bred', 42, 1, NULL, NULL),
(43, 'Bruschetta', 43, 1, NULL, NULL),
(44, 'Burger', 44, 1, NULL, NULL),
(45, 'French fries', 45, 1, NULL, NULL),
(46, 'choclate mouse', 46, 1, NULL, NULL),
(47, 'Roasted strawberry crumble', 47, 1, NULL, NULL),
(48, 'Apple cinnamon custard cake', 48, 1, NULL, NULL),
(49, 'Small Cake and pastries', 49, 1, NULL, NULL),
(50, 'almond cookie', 50, 1, NULL, NULL),
(51, 'onigiri', 51, 1, NULL, NULL);


-- --------------------------------------------------------


--
-- Dumping data for table `brands`
--

INSERT INTO `brands` (`id`, `title`, `image`, `image_banner`, `position`, `status`, `created_at`, `updated_at`) VALUES
(1, 'Macdonald\'s', 'brand/yV9mYaMfeUJV3xOdA2fDIKCh2eDYNK17MNIelrLC.png', 'brand/XttLVfqXwgNWaXV5Q0W60dqYzvefAunuvFzMZAOV.png', 1, 1, NULL, '2021-10-08 07:29:36'),
(2, 'KFC', 'brand/62skDHs1V4Z3ROybswFfkuLW2C9exSJRxbofbWfE.png', 'brand/wL2q7rtWnJUACEtWcBDIG88iNysEB3BesUcgrowR.jpg', 2, 1, NULL, '2021-10-08 07:31:34'),
(3, 'Domino\'s', 'brand/gWTaMyGdo5mO0x9Xi5JPVJ7zq2wlqtGcpjCOM9I7.png', 'brand/gcYfdTk1FxT5T4aA4rzzjQagluY6lgFw03swq8XC.jpg', 3, 1, NULL, '2021-10-08 07:33:12'),
(4, 'Burger king', 'brand/DEQTU5g4XEbGDl2cGv9DOUCjRMOCRI0fBcnBSB43.jpg', 'brand/0bFxkEh5WbIOvH2L7rtqyYPMclrQyipug8EFEeoB.jpg', 4, 1, NULL, '2021-10-08 07:34:22');

-- --------------------------------------------------------
INSERT INTO `variants` (`id`, `title`, `type`, `position`, `status`, `created_at`, `updated_at`) VALUES
(1, 'Size', 1, 1, 1, NULL, NULL),
(2, 'Color', 2, 2, 1, NULL, NULL),
(3, 'Phones', 1, 3, 1, NULL, NULL);
--
-- Dumping data for table `variant_options`
--

INSERT INTO `variant_options` (`id`, `title`, `variant_id`, `hexacode`, `position`, `created_at`, `updated_at`) VALUES
(1, 'Small', 1, '', 1, NULL, NULL),
(2, 'White', 2, '#ffffff', 1, NULL, NULL),
(3, 'Black', 2, '#000000', 1, NULL, NULL),
(4, 'Grey', 2, '#808080', 1, NULL, NULL),
(5, 'Medium', 1, '', 1, NULL, NULL),
(6, 'Large', 1, '', 1, NULL, NULL),
(7, 'IPhone', 3, '', 1, NULL, NULL),
(8, 'Samsung', 3, '', 1, NULL, NULL),
(9, 'Xiaomi', 3, '', 1, NULL, NULL);

--
-- Dumping data for table `brand_categories`
--

INSERT INTO `brand_categories` (`id`, `brand_id`, `category_id`, `created_at`, `updated_at`) VALUES
(58, 2, 18, NULL, NULL),
(59, 2, 19, NULL, NULL),
(60, 1, 14, NULL, NULL),
(61, 1, 16, NULL, NULL),
(62, 1, 15, NULL, NULL),
(65, 3, 16, NULL, NULL),
(66, 3, 20, NULL, NULL),
(67, 4, 14, NULL, NULL),
(68, 4, 19, NULL, NULL),
(69, 4, 16, NULL, NULL);



-- --------------------------------------------------------

-- --------------------------------------------------------

--
-- Dumping data for table `category_translations`
--

INSERT INTO `category_translations` (`id`, `name`, `trans-slug`, `meta_title`, `meta_description`, `meta_keywords`, `category_id`, `language_id`, `created_at`, `updated_at`) VALUES
(1, 'root', '', 'root', '', '', 1, 1, NULL, '2021-09-29 07:50:37'),
(2, 'Delivery', '', 'Delivery', NULL, NULL, 2, 1, NULL, '2021-09-29 07:50:37'),
(3, 'Restaurant', '', 'Restaurant', NULL, NULL, 3, 1, NULL, '2021-09-29 07:50:37'),
(4, 'Supermarket', '', 'Supermarket', NULL, NULL, 4, 1, NULL, '2021-09-29 07:50:37'),
(5, 'Pharmacy', '', 'Pharmacy', NULL, NULL, 5, 1, NULL, '2021-09-29 07:50:37'),
(6, 'Send something', '', 'Send something', '', '', 6, 1, NULL, '2021-09-29 07:50:37'),
(7, 'Buy something', '', 'Buy something', '', '', 7, 1, NULL, '2021-09-29 07:50:37'),
(8, 'Vegetables', '', 'Vegetables', '', '', 8, 1, NULL, '2021-09-29 07:50:37'),
(9, 'Fruits', '', 'Fruits', '', '', 9, 1, NULL, '2021-09-29 07:50:37'),
(10, 'Dairy and Eggs', '', 'Dairy and Eggs', '', '', 10, 1, NULL, '2021-09-29 07:50:37'),
(11, 'E-Commerce', '', 'E-Commerce', NULL, NULL, 11, 1, NULL, '2021-09-29 07:50:37'),
(12, 'Cloth', '', 'Cloth', NULL, NULL, 12, 1, NULL, '2021-09-29 07:50:37'),
(13, 'Dispatcher', '', 'Dispatcher', NULL, NULL, 13, 1, NULL, '2021-09-29 07:50:37'),
(14, 'Continental', NULL, 'Continental', NULL, NULL, 14, 1, '2021-09-29 06:34:01', '2021-09-29 07:50:37'),
(15, 'Beverages', NULL, 'Beverages', NULL, NULL, 15, 1, '2021-09-29 06:34:36', '2021-09-29 07:50:37'),
(16, 'Italian', NULL, 'Italian', NULL, NULL, 16, 1, '2021-09-29 06:35:17', '2021-09-29 07:50:37'),
(17, 'Desserts', NULL, 'Desserts', NULL, NULL, 17, 1, '2021-09-29 06:35:37', '2021-09-29 07:50:37'),
(18, 'Chinese', NULL, 'Chinese', NULL, NULL, 18, 1, '2021-09-29 06:36:28', '2021-09-29 07:50:37'),
(19, 'Japanese', NULL, 'Japanese', NULL, NULL, 19, 1, '2021-10-08 04:50:56', '2021-10-08 04:50:56'),
(20, 'American', NULL, 'American', NULL, NULL, 20, 1, '2021-10-08 04:52:43', '2021-10-08 04:52:43'),
(21, 'French', NULL, 'French', NULL, NULL, 21, 1, '2021-10-08 04:53:22', '2021-10-08 04:53:22');


-- --------------------------------------------------------

--
-- Dumping data for table `products`
--

INSERT INTO `products` (`id`, `sku`, `title`, `url_slug`, `description`, `body_html`, `vendor_id`, `category_id`, `type_id`, `country_origin_id`, `is_new`, `is_featured`, `is_live`, `is_physical`, `weight`, `weight_unit`, `has_inventory`, `has_variant`, `sell_when_out_of_stock`, `requires_shipping`, `Requires_last_mile`, `averageRating`, `inquiry_only`, `publish_at`, `created_at`, `updated_at`, `brand_id`, `tax_category_id`, `deleted_at`, `pharmacy_check`, `tags`, `need_price_from_dispatcher`, `mode_of_service`) VALUES
(1, 'sku-id', '1', 'sku-id', NULL, NULL, 1, NULL, 1, NULL, 1, 1, 1, 1, NULL, NULL, 0, 0, 0, 0, 0, '5.00', 0, NULL, NULL, NULL, NULL, NULL, NULL, 0, NULL, NULL, NULL),
(2, 'CN907', 'Dim Sums', 'CN907', NULL, '', 6, 18, 1, NULL, 1, 1, 1, 0, NULL, NULL, 1, 0, 0, 0, 1, '5.00', 0, '2021-09-29 07:02:58', NULL, '2021-10-08 08:29:15', 2, NULL, NULL, 0, NULL, '0', NULL),
(3, 'CN908', 'Hot and Sour Soup', 'CN908', NULL, '', 6, 18, 1, NULL, 1, 1, 1, 0, NULL, NULL, 1, 0, 0, 0, 1, '5.00', 0, '2021-09-29 07:04:51', NULL, '2021-10-08 08:29:03', 2, NULL, NULL, 0, NULL, '0', NULL),
(4, 'CN909', 'Chicken with Chestnuts', 'CN909', NULL, '', 6, 18, 1, NULL, 1, 1, 1, 0, NULL, NULL, 1, 0, 0, 0, 1, '5.00', 0, '2021-09-29 07:06:03', NULL, '2021-10-08 08:28:49', 2, NULL, NULL, 0, NULL, '0', NULL),
(5, 'CN910', 'Spring Rolls', 'CN910', NULL, '', 6, 18, 1, NULL, 1, 1, 1, 0, NULL, NULL, 1, 0, 0, 0, 1, '5.00', 0, '2021-09-29 07:08:27', NULL, '2021-10-08 08:28:15', 2, NULL, NULL, 0, NULL, '0', NULL),
(6, 'BVRG277', 'Lemonade', 'BVRG277', NULL, '', 5, 15, 1, NULL, 1, 1, 1, 0, NULL, NULL, 1, 0, 0, 0, 1, '5.00', 0, '2021-09-29 07:11:46', NULL, '2021-10-04 13:56:27', NULL, NULL, NULL, 0, NULL, '0', NULL),
(7, 'BVRG278', 'Hot chocolate', 'BVRG278', NULL, '', 5, 15, 1, NULL, 1, 1, 1, 0, NULL, NULL, 1, 0, 0, 0, 1, '5.00', 0, '2021-09-29 07:12:51', NULL, '2021-10-04 13:56:32', NULL, NULL, NULL, 0, NULL, '0', NULL),
(8, 'BVRG279', 'Iced tea', 'BVRG279', NULL, '', 5, 15, 1, NULL, 1, 1, 1, 0, NULL, NULL, 1, 0, 0, 0, 1, '5.00', 0, '2021-09-29 07:13:44', NULL, '2021-10-04 13:56:37', NULL, NULL, NULL, 0, NULL, '0', NULL),
(9, 'BVRG280', 'Smoothie', 'BVRG280', NULL, '', 5, 15, 1, NULL, 1, 1, 1, 0, NULL, NULL, 1, 0, 0, 0, 1, '5.00', 0, '2021-09-29 07:14:33', NULL, '2021-10-04 13:56:41', NULL, NULL, NULL, 0, NULL, '0', NULL),
(10, 'ITA555', 'Margherita pizza', 'ITA555', NULL, '', 4, 16, 1, NULL, 1, 1, 1, 0, NULL, NULL, 1, 0, 0, 0, 1, '5.00', 0, '2021-09-29 07:17:52', NULL, '2021-10-05 12:20:16', 3, NULL, NULL, 0, NULL, '0', NULL),
(11, 'ITA556', 'Mushroom Risotto', 'ITA556', NULL, '', 4, 16, 1, NULL, 1, 1, 1, 0, NULL, NULL, 1, 0, 0, 0, 1, '5.00', 0, '2021-09-29 07:19:14', NULL, '2021-10-08 12:01:49', 1, NULL, NULL, 0, NULL, '0', NULL),
(12, 'ITA557', 'Focaccia Bread ', 'ITA557', NULL, '', 4, 16, 1, NULL, 1, 1, 1, 0, NULL, NULL, 1, 0, 0, 0, 1, '4.00', 0, '2021-09-29 07:20:10', NULL, '2021-10-08 09:17:04', 4, NULL, NULL, 0, NULL, '0', NULL),
(13, 'ITA558', 'Bruschetta', 'ITA558', NULL, '', 4, 16, 1, NULL, 1, 1, 1, 0, NULL, NULL, 1, 0, 0, 0, 1, '5.00', 0, '2021-09-29 07:21:46', NULL, '2021-10-08 12:02:01', 1, NULL, NULL, 0, NULL, '0', NULL),
(14, 'DRS567', 'Almond and date cake', 'DRS567', NULL, '', 3, 17, 1, NULL, 1, 1, 1, 0, NULL, NULL, 1, 0, 0, 0, 1, '5.00', 0, '2021-09-29 07:24:10', NULL, '2021-10-04 13:55:09', NULL, NULL, NULL, 0, NULL, '0', NULL),
(15, 'DRS568', 'Chocolate mousse', 'DRS568', NULL, '', 3, 17, 1, NULL, 1, 1, 1, 0, NULL, NULL, 1, 0, 0, 0, 1, '5.00', 0, '2021-09-29 07:25:39', NULL, '2021-10-04 13:55:15', NULL, NULL, NULL, 0, NULL, '0', NULL),
(16, 'DRS569', 'Roasted strawberry crumble', 'DRS569', NULL, '', 3, 17, 1, NULL, 1, 1, 1, 0, NULL, NULL, 1, 0, 0, 0, 1, '5.00', 0, '2021-09-29 07:31:52', NULL, '2021-10-04 13:55:20', NULL, NULL, NULL, 0, NULL, '0', NULL),
(17, 'DRS570', 'Apple cinnamon custard cake', 'DRS570', NULL, '', 3, 17, 1, NULL, 1, 1, 1, 0, NULL, NULL, 1, 0, 0, 0, 1, '5.00', 0, '2021-09-29 07:33:41', NULL, '2021-10-04 13:55:24', NULL, NULL, NULL, 0, NULL, '0', NULL),
(18, 'CNN0088', 'Prawn Pie', 'CNN0088', NULL, '', 2, 14, 1, NULL, 1, 1, 1, 0, NULL, NULL, 1, 0, 0, 0, 1, '5.00', 0, '2021-09-29 07:43:07', NULL, '2021-10-08 07:20:49', 1, NULL, NULL, 0, NULL, '0', NULL),
(19, 'CNN0089', 'Poached Pear Salad', 'CNN0089', NULL, '', 2, 14, 1, NULL, 1, 1, 1, 0, NULL, NULL, 1, 0, 0, 0, 1, '5.00', 0, '2021-09-29 07:43:54', NULL, '2021-10-04 13:55:40', NULL, NULL, NULL, 0, NULL, '0', NULL),
(20, 'CNN0090', 'Crispy Calamari Rings', 'CNN0090', NULL, '', 2, 14, 1, NULL, 1, 1, 1, 0, NULL, NULL, 1, 0, 0, 0, 1, '5.00', 0, '2021-09-29 07:45:17', NULL, '2021-10-08 07:20:14', 1, NULL, NULL, 0, NULL, '0', NULL),
(21, 'CNN0091', 'Sweet Potato Pie', 'CNN0091', NULL, '', 2, 14, 1, NULL, 1, 1, 1, 0, NULL, NULL, 1, 0, 0, 0, 1, '4.00', 0, '2021-09-29 07:46:11', NULL, '2021-10-04 13:55:51', NULL, NULL, NULL, 0, NULL, '0', NULL),
(22, 'burger', NULL, 'Burger', NULL, NULL, 4, 16, 1, NULL, 1, 1, 1, 0, NULL, NULL, 1, 0, 0, 0, 1, '4.00', 0, '2021-10-05 12:17:55', '2021-10-05 12:15:00', '2021-10-05 12:47:25', 4, NULL, NULL, 0, NULL, '0', NULL),
(23, 'French fries', NULL, 'French fries', NULL, NULL, 4, 16, 1, NULL, 1, 1, 1, 0, NULL, NULL, 1, 0, 0, 0, 1, '4.00', 0, '2021-10-05 12:27:06', '2021-10-05 12:24:33', '2021-10-08 09:16:42', 4, NULL, NULL, 0, NULL, '0', NULL),
(24, 'Hot&CrispyChicken1633437837', NULL, 'Hot & Crispy Chicken1633437837', NULL, NULL, 6, 18, 1, NULL, 1, 1, 1, 0, NULL, NULL, 1, 0, 0, 0, 1, '4.00', 0, '2021-10-05 12:34:38', '2021-10-05 12:32:56', '2021-10-05 12:43:57', 2, NULL, '2021-10-05 12:43:57', 0, NULL, '0', NULL),
(25, 'Hot&CrispyChicken', NULL, 'Hot&CrispyChicken', NULL, NULL, 6, 18, 1, NULL, 1, 1, 1, 0, NULL, NULL, 1, 0, 0, 0, 1, '4.00', 0, '2021-10-05 12:44:38', '2021-10-05 12:44:10', '2021-10-05 12:44:38', 2, NULL, NULL, 0, NULL, '0', NULL),
(26, 'DRS167', 'Tempura', 'DRS167', NULL, '', 2, 19, 1, NULL, 1, 1, 1, 0, NULL, NULL, 1, 0, 0, 0, 1, '4.00', 0, '2021-10-08 05:24:58', NULL, '2021-10-08 12:08:14', 4, NULL, NULL, 0, NULL, '0', NULL),
(27, 'DRS168', 'Sushi', 'DRS168', NULL, '', 2, 19, 1, NULL, 1, 1, 1, 0, NULL, NULL, 1, 0, 0, 0, 1, '4.00', 0, '2021-10-08 05:25:41', NULL, '2021-10-08 05:25:41', NULL, NULL, NULL, 0, NULL, '0', NULL),
(28, 'DRS169', 'Miso Soup', 'DRS169', NULL, '', 2, 19, 1, NULL, 1, 1, 1, 0, NULL, NULL, 1, 0, 0, 0, 1, '4.00', 0, '2021-10-08 05:27:21', NULL, '2021-10-08 05:27:21', NULL, NULL, NULL, 0, NULL, '0', NULL),
(29, 'DRS170', 'Unagi', 'DRS170', NULL, '', 2, 19, 1, NULL, 1, 1, 1, 0, NULL, NULL, 1, 0, 0, 0, 1, '4.00', 0, '2021-10-08 05:31:56', NULL, '2021-10-08 12:09:38', 4, NULL, NULL, 0, NULL, '0', NULL),
(30, 'AMS123', 'Fajitas', 'AMS123', NULL, '', 6, 20, 1, NULL, 1, 1, 1, 0, NULL, NULL, 1, 0, 0, 0, 1, '4.00', 0, '2021-10-08 05:20:21', NULL, '2021-10-08 12:04:07', 3, NULL, NULL, 0, NULL, '0', NULL),
(31, 'AMS124', 'Twinkies', 'AMS124', NULL, '', 6, 20, 1, NULL, 1, 1, 1, 0, NULL, NULL, 1, 0, 0, 0, 1, '4.00', 0, '2021-10-08 05:23:29', NULL, '2021-10-08 12:04:22', 3, NULL, NULL, 0, NULL, '0', NULL),
(32, 'AMS125', 'Pot roast', 'AMS125', NULL, '', 6, 20, 1, NULL, 1, 1, 1, 0, NULL, NULL, 1, 0, 0, 0, 1, '4.00', 0, '2021-10-08 05:24:47', NULL, '2021-10-08 12:04:36', 3, NULL, NULL, 0, NULL, '0', NULL),
(33, 'AMS126', 'Cobb salad', 'AMS126', NULL, '', 6, 20, 1, NULL, 1, 1, 1, 0, NULL, NULL, 1, 0, 0, 0, 1, '4.00', 0, '2021-10-08 05:26:04', NULL, '2021-10-08 12:04:50', 3, NULL, NULL, 0, NULL, '0', NULL),
(34, 'FR321', 'French onion soup', 'FR321', NULL, '', 5, 21, 1, NULL, 1, 1, 1, 0, NULL, NULL, 1, 0, 0, 0, 1, '4.00', 0, '2021-10-08 05:11:15', NULL, '2021-10-08 05:11:15', NULL, NULL, NULL, 0, NULL, '0', NULL),
(35, 'FR322', 'Chicken confit', 'FR322', NULL, '', 5, 21, 1, NULL, 1, 1, 1, 0, NULL, NULL, 1, 0, 0, 0, 1, '4.00', 0, '2021-10-08 05:12:57', NULL, '2021-10-08 05:12:57', NULL, NULL, NULL, 0, NULL, '0', NULL),
(36, 'FR323', 'Salmon en papillote', 'FR323', NULL, '', 5, 21, 1, NULL, 1, 1, 1, 0, NULL, NULL, 1, 0, 0, 0, 1, '4.00', 0, '2021-10-08 05:15:13', NULL, '2021-10-08 05:15:13', NULL, NULL, NULL, 0, NULL, '0', NULL),
(37, 'FR324', 'Quiche Lorraine', 'FR324', NULL, '', 5, 21, 1, NULL, 1, 1, 1, 0, NULL, NULL, 1, 0, 0, 0, 1, '4.00', 0, '2021-10-08 05:18:07', NULL, '2021-10-08 05:19:28', NULL, NULL, NULL, 0, NULL, '0', NULL),
(38, 'DRS571', 'Small cakes and pastries', 'DRS571', NULL, '', 3, 17, 1, NULL, 1, 1, 1, 0, NULL, NULL, 1, 0, 0, 0, 1, '4.00', 0, '2021-10-08 05:41:06', NULL, '2021-10-08 05:41:06', NULL, NULL, NULL, 0, NULL, '0', NULL),
(39, 'DRS5721633671725', 'Cheesecake', 'DRS5721633671725', NULL, '', 3, 17, 1, NULL, 1, 0, 1, 0, NULL, NULL, 0, 0, 0, 0, 0, '4.00', 0, NULL, NULL, '2021-10-08 05:42:05', NULL, NULL, '2021-10-08 05:42:05', 0, NULL, NULL, NULL),
(40, 'CA221', 'Dumplings', 'CA221', NULL, '', 6, 18, 1, NULL, 1, 1, 1, 0, NULL, NULL, 1, 0, 0, 0, 1, '4.00', 0, '2021-10-08 05:43:29', NULL, '2021-10-08 05:43:29', NULL, NULL, NULL, 0, NULL, '0', NULL),
(41, 'CA222', 'Chow Mein', 'CA222', NULL, '', 6, 18, 1, NULL, 1, 1, 1, 0, NULL, NULL, 1, 0, 0, 0, 1, '4.00', 0, '2021-10-08 05:45:55', NULL, '2021-10-08 08:30:01', 2, NULL, NULL, 0, NULL, '0', NULL),
(42, 'CA223', 'Barbecue Ribs', 'CA223', NULL, '', 6, 20, 1, NULL, 1, 1, 1, 0, NULL, NULL, 1, 0, 0, 0, 1, '4.00', 0, '2021-10-08 05:48:04', NULL, '2021-10-08 05:48:04', NULL, NULL, NULL, 0, NULL, '0', NULL),
(43, 'CA224', 'Hot Dogs', 'CA224', NULL, '', 6, 20, 1, NULL, 1, 1, 1, 0, NULL, NULL, 1, 0, 0, 0, 1, '4.00', 0, '2021-10-08 05:50:00', NULL, '2021-10-08 12:05:06', 3, NULL, NULL, 0, NULL, '0', NULL),
(44, 'HJ632', 'Flamiche', 'HJ632', NULL, '', 5, 21, 1, NULL, 1, 1, 1, 0, NULL, NULL, 1, 0, 0, 0, 1, NULL, 0, '2021-10-08 05:49:17', NULL, '2021-10-08 05:56:47', NULL, NULL, NULL, 0, NULL, '0', NULL),
(45, 'HJ633', 'Chocolate souffle', 'HJ633', NULL, '', 5, 21, 1, NULL, 1, 1, 1, 0, NULL, NULL, 1, 0, 0, 0, 1, NULL, 0, '2021-10-08 05:50:02', NULL, '2021-10-08 05:55:43', NULL, NULL, NULL, 0, NULL, '0', NULL),
(46, 'KL135', 'Beer', 'KL135', NULL, '', 5, 15, 1, NULL, 1, 1, 1, 0, NULL, NULL, 1, 0, 0, 0, 1, NULL, 0, '2021-10-08 05:50:11', NULL, '2021-10-08 05:59:17', NULL, NULL, NULL, 0, NULL, '0', NULL),
(47, 'KL136', 'Wine', 'KL136', NULL, '', 5, 15, 1, NULL, 1, 1, 1, 0, NULL, NULL, 1, 0, 0, 0, 1, NULL, 0, '2021-10-08 05:50:22', NULL, '2021-10-08 06:00:44', NULL, NULL, NULL, 0, NULL, '0', NULL),
(48, 'OP185', 'almond cookie', 'OP185', NULL, '', 3, 17, 1, NULL, 1, 1, 1, 0, NULL, NULL, 1, 0, 0, 0, 1, NULL, 0, '2021-10-08 05:58:00', NULL, '2021-10-08 05:58:00', NULL, NULL, NULL, 0, NULL, '0', NULL),
(49, 'NM456', 'Onigiri', 'NM456', NULL, '', 2, 19, 1, NULL, 1, 1, 1, 0, NULL, NULL, 1, 0, 0, 0, 1, NULL, 0, '2021-10-08 06:05:54', NULL, '2021-10-08 12:10:25', 4, NULL, NULL, 0, NULL, '0', NULL),
(50, 'NM457', 'Yakitori', 'NM457', NULL, '', 2, 19, 1, NULL, 1, 1, 1, 0, NULL, NULL, 1, 0, 0, 0, 1, NULL, 0, '2021-10-08 06:12:55', NULL, '2021-10-08 06:12:55', NULL, NULL, NULL, 0, NULL, '0', NULL),
(51, 'NM458', 'Apple Sausage Plait', 'NM458', NULL, '', 2, 14, 1, NULL, 1, 1, 1, 0, NULL, NULL, 1, 0, 0, 0, 1, NULL, 0, '2021-10-08 06:15:37', NULL, '2021-10-08 07:19:34', 1, NULL, NULL, 0, NULL, '0', NULL),
(52, 'NM459', 'Peppered Pasta Salad', 'NM459', NULL, '', 2, 14, 1, NULL, 1, 1, 1, 0, NULL, NULL, 1, 0, 0, 0, 1, NULL, 0, '2021-10-08 06:17:18', NULL, '2021-10-08 07:21:08', 1, NULL, NULL, 0, NULL, '0', NULL);

-- --------------------------------------------------------

--
-- Dumping data for table `product_addons`
--

INSERT INTO `product_addons` (`product_id`, `addon_id`, `created_at`, `updated_at`) VALUES
(6, 12, NULL, NULL),
(7, 9, NULL, NULL),
(9, 16, NULL, NULL),
(40, 15, NULL, NULL),
(36, 24, NULL, NULL),
(44, 29, NULL, NULL),
(46, 34, NULL, NULL),
(47, 36, NULL, NULL),
(10, 41, NULL, NULL),
(22, 44, NULL, NULL),
(14, 39, NULL, NULL),
(15, 46, NULL, NULL),
(16, 47, NULL, NULL),
(17, 48, NULL, NULL),
(19, 22, NULL, NULL),
(21, 25, NULL, NULL),
(27, 28, NULL, NULL),
(50, 33, NULL, NULL),
(8, 14, NULL, NULL),
(37, 27, NULL, NULL),
(45, 32, NULL, NULL),
(25, 6, NULL, NULL),
(20, 23, NULL, NULL),
(18, 21, NULL, NULL),
(28, 30, NULL, NULL),
(38, 49, NULL, NULL),
(51, 35, NULL, NULL),
(52, 37, NULL, NULL),
(48, 50, NULL, NULL),
(5, 5, NULL, NULL),
(4, 4, NULL, NULL),
(3, 5, NULL, NULL),
(2, 2, NULL, NULL),
(41, 17, NULL, NULL),
(23, 45, NULL, NULL),
(12, 42, NULL, NULL),
(11, 41, NULL, NULL),
(13, 43, NULL, NULL),
(30, 7, NULL, NULL),
(31, 8, NULL, NULL),
(32, 11, NULL, NULL),
(33, 13, NULL, NULL),
(43, 6, NULL, NULL),
(26, 26, NULL, NULL),
(29, 31, NULL, NULL),
(49, 51, NULL, NULL);

-- --------------------------------------------------------

--
-- Dumping data for table `product_categories`
--

INSERT INTO `product_categories` (`product_id`, `category_id`, `created_at`, `updated_at`) VALUES
(1, 11, NULL, NULL),
(2, 18, NULL, NULL),
(2, 18, NULL, NULL),
(3, 18, NULL, NULL),
(2, 18, NULL, NULL),
(3, 18, NULL, NULL),
(4, 18, NULL, NULL),
(2, 18, NULL, NULL),
(3, 18, NULL, NULL),
(4, 18, NULL, NULL),
(5, 18, NULL, NULL),
(6, 15, NULL, NULL),
(6, 15, NULL, NULL),
(7, 15, NULL, NULL),
(6, 15, NULL, NULL),
(7, 15, NULL, NULL),
(8, 15, NULL, NULL),
(6, 15, NULL, NULL),
(7, 15, NULL, NULL),
(8, 15, NULL, NULL),
(9, 15, NULL, NULL),
(10, 16, NULL, NULL),
(10, 16, NULL, NULL),
(11, 16, NULL, NULL),
(10, 16, NULL, NULL),
(11, 16, NULL, NULL),
(12, 16, NULL, NULL),
(10, 16, NULL, NULL),
(11, 16, NULL, NULL),
(12, 16, NULL, NULL),
(13, 16, NULL, NULL),
(14, 17, NULL, NULL),
(14, 17, NULL, NULL),
(15, 17, NULL, NULL),
(14, 17, NULL, NULL),
(15, 17, NULL, NULL),
(16, 17, NULL, NULL),
(14, 17, NULL, NULL),
(15, 17, NULL, NULL),
(16, 17, NULL, NULL),
(17, 17, NULL, NULL),
(18, 14, NULL, NULL),
(18, 14, NULL, NULL),
(19, 14, NULL, NULL),
(18, 14, NULL, NULL),
(19, 14, NULL, NULL),
(20, 14, NULL, NULL),
(18, 14, NULL, NULL),
(19, 14, NULL, NULL),
(20, 14, NULL, NULL),
(21, 14, NULL, NULL),
(22, 16, '2021-10-05 12:15:00', '2021-10-05 12:15:00'),
(23, 16, '2021-10-05 12:24:33', '2021-10-05 12:24:33'),
(24, 18, '2021-10-05 12:32:56', '2021-10-05 12:32:56'),
(25, 18, '2021-10-05 12:44:10', '2021-10-05 12:44:10'),
(26, 19, NULL, NULL),
(26, 19, NULL, NULL),
(27, 19, NULL, NULL),
(26, 19, NULL, NULL),
(27, 19, NULL, NULL),
(28, 19, NULL, NULL),
(26, 19, NULL, NULL),
(27, 19, NULL, NULL),
(28, 19, NULL, NULL),
(29, 19, NULL, NULL),
(30, 20, NULL, NULL),
(30, 20, NULL, NULL),
(31, 20, NULL, NULL),
(30, 20, NULL, NULL),
(31, 20, NULL, NULL),
(32, 20, NULL, NULL),
(30, 20, NULL, NULL),
(31, 20, NULL, NULL),
(32, 20, NULL, NULL),
(33, 20, NULL, NULL),
(34, 21, NULL, NULL),
(34, 21, NULL, NULL),
(35, 21, NULL, NULL),
(34, 21, NULL, NULL),
(35, 21, NULL, NULL),
(36, 21, NULL, NULL),
(34, 21, NULL, NULL),
(35, 21, NULL, NULL),
(36, 21, NULL, NULL),
(37, 21, NULL, NULL),
(38, 17, NULL, NULL),
(38, 17, NULL, NULL),
(39, 17, NULL, NULL),
(40, 18, NULL, NULL),
(40, 18, NULL, NULL),
(41, 18, NULL, NULL),
(40, 18, NULL, NULL),
(41, 18, NULL, NULL),
(42, 20, NULL, NULL),
(40, 18, NULL, NULL),
(41, 18, NULL, NULL),
(42, 20, NULL, NULL),
(43, 20, NULL, NULL),
(44, 21, NULL, NULL),
(44, 21, NULL, NULL),
(45, 21, NULL, NULL),
(46, 15, NULL, NULL),
(46, 15, NULL, NULL),
(47, 15, NULL, NULL),
(48, 17, NULL, NULL),
(49, 19, NULL, NULL),
(49, 19, NULL, NULL),
(50, 19, NULL, NULL),
(49, 19, NULL, NULL),
(50, 19, NULL, NULL),
(51, 14, NULL, NULL),
(49, 19, NULL, NULL),
(50, 19, NULL, NULL),
(51, 14, NULL, NULL),
(52, 14, NULL, NULL);

-- --------------------------------------------------------

--
-- Dumping data for table `vendor_media`
--

INSERT INTO `vendor_media` (`id`, `media_type`, `vendor_id`, `path`, `created_at`, `updated_at`) VALUES
(6, 1, 5, 'prods/jKHlA2FDrfbK0ClGItyXuhgC9PLOYuiuRNCH0wXA.jpg', '2021-09-29 07:12:38', '2021-09-29 07:12:38'),
(42, 1, 6, 'prods/ReUH9eAtYGUQzgI5FnU0aFYbQCKNeWX3f4i8dTxk.jpg', '2021-10-04 12:56:07', '2021-10-04 12:56:07'),
(43, 1, 6, 'prods/ftNkfhwvDnZbmuoY36iB5K9dXMy7S8ZvMoWgpcDE.jpg', '2021-10-04 13:02:12', '2021-10-04 13:02:12'),
(44, 1, 6, 'prods/2umYQSTnGYgbCyG0AGHAqhqG3TqnI6e50mHVQgkF.jpg', '2021-10-04 13:05:39', '2021-10-04 13:05:39'),
(45, 1, 6, 'prods/3fEwz3DRWVjsxooRMhZoFQSp5epqlToocHBdNftu.webp', '2021-10-04 13:06:44', '2021-10-04 13:06:44'),
(46, 1, 6, 'prods/rEHP6l6qfvAI1BUmMNhdT1SfWFoSBbwuFfNWkXJB.webp', '2021-10-04 13:07:15', '2021-10-04 13:07:15'),
(48, 1, 6, 'prods/ZRsRQew8AihXdI6i8HIxVM3w36ZWhirQea7uHH5i.jpg', '2021-10-04 13:09:19', '2021-10-04 13:09:19'),
(49, 1, 5, 'prods/BWxtGVIKhviD4LRn4tOcBpieTV58jo1HpUNWnBxs.jpg', '2021-10-04 13:12:57', '2021-10-04 13:12:57'),
(50, 1, 5, 'prods/hyqmjfhyokSbOKR9puwqi8wBc3EmU2GTt8OFCbgL.jpg', '2021-10-04 13:14:43', '2021-10-04 13:14:43'),
(51, 1, 5, 'prods/EDH8rOBmGTskGP4mpjUKJf9xWIkIhClWKrJrhD1k.jpg', '2021-10-04 13:15:59', '2021-10-04 13:15:59'),
(52, 1, 4, 'prods/CKffO1ZO1iMJOsxTXTabFfKXU2wAqi7E1TYgUPYb.jpg', '2021-10-04 13:17:25', '2021-10-04 13:17:25'),
(53, 1, 4, 'prods/ZQe0MWn1B5qKVeZYCPekm4QWTCrweFQTsPn8AJ86.jpg', '2021-10-04 13:18:21', '2021-10-04 13:18:21'),
(54, 1, 4, 'prods/YS2KmpBd1Ksz5u9LIKPuX3O4UWO0czluFLLQmkET.jpg', '2021-10-04 13:19:32', '2021-10-04 13:19:32'),
(55, 1, 4, 'prods/B3qgZln06x5icoWpaqi5wkqeWWQ2ySdMsDzMgjkQ.jpg', '2021-10-04 13:20:28', '2021-10-04 13:20:28'),
(56, 1, 4, 'prods/h5MHm1BTHNi7SYS3AaNmWa2wTH5hQkU2xM5DIeT0.jpg', '2021-10-04 13:20:37', '2021-10-04 13:20:37'),
(57, 1, 3, 'prods/McxNqDQIPqLDhuE9faNcHsV2xQPjl98Uuw6lhZZN.jpg', '2021-10-04 13:25:23', '2021-10-04 13:25:23'),
(58, 1, 3, 'prods/2CbJrmq3IDki5Z9VakFGvavUUxTZFNThCDcZGw9V.jpg', '2021-10-04 13:26:25', '2021-10-04 13:26:25'),
(59, 1, 3, 'prods/9hIYWULjgYY3ZHSTZ43snRqGcQC8cXUzfMSVCVJg.jpg', '2021-10-04 13:27:34', '2021-10-04 13:27:34'),
(60, 1, 3, 'prods/vgrIRz6CW1230F1H41WRAFQmjT6tc6MKMZqsZoLy.jpg', '2021-10-04 13:31:06', '2021-10-04 13:31:06'),
(61, 1, 2, 'prods/g9DGIQ7mXccCWKXjbFuZfLFHUIJWb9WZfksbcWqA.jpg', '2021-10-04 13:33:12', '2021-10-04 13:33:12'),
(62, 1, 2, 'prods/eO05yDLTjXGXm8yicGE12D52n7dHD2LrhH5rIexo.jpg', '2021-10-04 13:35:57', '2021-10-04 13:35:57'),
(63, 1, 2, 'prods/yfg2ff60I7VFlkSHuxHjQ1bobAbFwg8i6pARjWuB.jpg', '2021-10-04 13:37:04', '2021-10-04 13:37:04'),
(64, 1, 2, 'prods/FdEJkZ1xyKQxTUiW8BZziRgdNGqsaZi6qJSZ9bv3.jpg', '2021-10-04 13:38:58', '2021-10-04 13:38:58'),
(65, 1, 5, 'prods/F1vg43H4ijZtP0dHWElyAK1Xm1IT74Q3CDcyREea.jpg', '2021-10-04 13:40:22', '2021-10-04 13:40:22'),
(66, 1, 4, 'prods/f53lnS2ZvNKRS11N6APCjjm3E5aINLH7MRsHXQli.jpg', '2021-10-05 12:17:34', '2021-10-05 12:17:34'),
(67, 1, 4, 'prods/HPCaYN9uRJnjVFhaBHiH1MiiXiaQAAP5BLq9m3re.jpg', '2021-10-05 12:26:38', '2021-10-05 12:26:38'),
(68, 1, 6, 'prods/2xcne1GNrE2aYSKMyuP8VmF7Tnp8eLe56mTpWp8O.jpg', '2021-10-05 12:34:42', '2021-10-05 12:34:42'),
(69, 1, 6, 'prods/54xgpcoZJl8Te3f5RGxkC0MxgEpBPm4TNGtXmbHa.jpg', '2021-10-05 12:34:55', '2021-10-05 12:34:55'),
(70, 1, 6, 'prods/zGC9nSVldyYIBvDjgpGzyujqz5tihvZzFfzYFySS.jpg', '2021-10-05 12:44:21', '2021-10-05 12:44:21'),
(71, 1, 5, 'prods/B0XhcXXO3EP6O23OVDdeoZqTJ0G4UjPvFHKRRLiu.jpg', '2021-10-08 05:10:58', '2021-10-08 05:10:58'),
(72, 1, 5, 'prods/LhMtDMTTQZjevLQ9N3eflLVPHyReWGydNbNqIN7I.jpg', '2021-10-08 05:12:36', '2021-10-08 05:12:36'),
(73, 1, 5, 'prods/hRRHWRJMk1Qw9lC1s2Y6W7AB2AE0BvdthtBU4uf3.jpg', '2021-10-08 05:14:25', '2021-10-08 05:14:25'),
(74, 1, 5, 'prods/2veh58Kka6yT9jspjD8cQC23PJBmwjaURlEASd59.jpg', '2021-10-08 05:19:11', '2021-10-08 05:19:11'),
(75, 1, 6, 'prods/NCTzrzygdDSlGwA05yViuwzz8uuGZkmJFirnGAT6.jpg', '2021-10-08 05:21:50', '2021-10-08 05:21:50'),
(76, 1, 6, 'prods/hp1VFhGtgGCDiyBchhBnDV4TXNk58iddox2OMCFc.jpg', '2021-10-08 05:21:53', '2021-10-08 05:21:53'),
(77, 1, 6, 'prods/c2BKBvzbM0AzKHCP1mQYXV8Zm7BHKAa55fobOjd9.jpg', '2021-10-08 05:23:16', '2021-10-08 05:23:16'),
(78, 1, 6, 'prods/tw2JvtlKkRu2WqyoTPCyhYDT6UJ90ahqyMvmctfH.jpg', '2021-10-08 05:24:37', '2021-10-08 05:24:37'),
(79, 1, 6, 'prods/XQ25pgz3316CV5hKTojxbaoGAJzJal8QjMtzdD6Q.jpg', '2021-10-08 05:26:00', '2021-10-08 05:26:00'),
(80, 1, 2, 'prods/Sm9WkDSEwyfZ3YKWlpqvhEEt7FTQZecoRBXniuIH.jpg', '2021-10-08 05:27:40', '2021-10-08 05:27:40'),
(81, 1, 2, 'prods/P5iCKRHePLFdhvuWUfgoe3W9jTpfCEftZm8KkA8x.jpg', '2021-10-08 05:29:50', '2021-10-08 05:29:50'),
(82, 1, 2, 'prods/epiaMxeqILxttO8CRlan9f2Bcip2DPkCBfs5QUHV.jpg', '2021-10-08 05:30:45', '2021-10-08 05:30:45'),
(83, 1, 2, 'prods/oLtOJ5N5d0UWVXSd35SEfjiARsV4LxXc0ENBYjCC.jpg', '2021-10-08 05:31:53', '2021-10-08 05:31:53'),
(84, 1, 3, 'prods/skuHhDKh39Zh7XaR7aI0nLUZN7tbiR33ojeFVdNH.jpg', '2021-10-08 05:40:55', '2021-10-08 05:40:55'),
(85, 1, 6, 'prods/v3JkIqtfAcANEBiauuKEaqeTCqCislQ79SVIaYaG.jpg', '2021-10-08 05:43:18', '2021-10-08 05:43:18'),
(86, 1, 6, 'prods/UIGFsixDBMEs9pawFEdOwU1nf765rwA5y0Rr5d7K.jpg', '2021-10-08 05:45:40', '2021-10-08 05:45:40'),
(87, 1, 6, 'prods/8YSETZtKdp1GOUKXbQuRzOqxdJA2KnIHE9YqeBxk.jpg', '2021-10-08 05:47:54', '2021-10-08 05:47:54'),
(88, 1, 6, 'prods/Y2iS8VvcjVr9zssWfI1Ysx7TaA52mfEFDN3S6OE7.jpg', '2021-10-08 05:49:46', '2021-10-08 05:49:46'),
(89, 1, 5, 'prods/YDtrguJbVfQUWZx9VVe1WM9BNEwD6SQg6qt6u7N5.jpg', '2021-10-08 05:52:20', '2021-10-08 05:52:20'),
(90, 1, 5, 'prods/HVdGV477aFMoXvngyS90crjBHYA8u6UCMdxT2jxm.jpg', '2021-10-08 05:54:57', '2021-10-08 05:54:57'),
(91, 1, 3, 'prods/xMBhgVMqEqsvRTOqOgiq1YoBpJMBXk8EUTcqYoEI.jpg', '2021-10-08 05:57:48', '2021-10-08 05:57:48'),
(92, 1, 5, 'prods/MaTBEOUO53VFuqyYJlTL4S2QkefJpL42NSvK7iyB.jpg', '2021-10-08 05:59:09', '2021-10-08 05:59:09'),
(93, 1, 5, 'prods/aGan4fdLK5ZgFpCaKw2JVbxpp75CoGasjxFSobq4.jpg', '2021-10-08 06:00:33', '2021-10-08 06:00:33'),
(94, 1, 2, 'prods/vb0sGHXa468mmtDJHuSFIalxYs568SqkFTRvagTl.jpg', '2021-10-08 06:05:43', '2021-10-08 06:05:43'),
(95, 1, 2, 'prods/YMsw2i8V3QncwrFITJGP5r2lfUlcXP0I212UF3sE.jpg', '2021-10-08 06:12:42', '2021-10-08 06:12:42'),
(96, 1, 2, 'prods/jAQsLl9B7AxonWnlkkdJR6icBd5Z5SQkHCEWcs7B.jpg', '2021-10-08 06:15:30', '2021-10-08 06:15:30'),
(97, 1, 2, 'prods/WkIp5HrPQYXXhr5FNA9qDu6QTfBtMbah9fP1sQmj.jpg', '2021-10-08 06:17:10', '2021-10-08 06:17:10');

-- --------------------------------------------------------
--
-- Dumping data for table `product_images`
--

INSERT INTO `product_images` (`id`, `product_id`, `media_id`, `is_default`, `created_at`, `updated_at`) VALUES
(41, 2, 42, 1, NULL, NULL),
(42, 3, 43, 1, NULL, NULL),
(43, 4, 44, 1, NULL, NULL),
(45, 5, 48, 1, NULL, NULL),
(46, 6, 49, 1, NULL, NULL),
(47, 7, 50, 1, NULL, NULL),
(48, 8, 51, 1, NULL, NULL),
(49, 10, 52, 1, NULL, NULL),
(50, 11, 53, 1, NULL, NULL),
(51, 12, 54, 1, NULL, NULL),
(52, 13, 56, 1, NULL, NULL),
(53, 14, 57, 1, NULL, NULL),
(54, 15, 58, 1, NULL, NULL),
(55, 16, 59, 1, NULL, NULL),
(56, 17, 60, 1, NULL, NULL),
(57, 18, 61, 1, NULL, NULL),
(58, 19, 62, 1, NULL, NULL),
(59, 20, 63, 1, NULL, NULL),
(60, 21, 64, 1, NULL, NULL),
(61, 9, 65, 1, NULL, NULL),
(62, 22, 66, 1, NULL, NULL),
(63, 23, 67, 1, NULL, NULL),
(64, 24, 69, 1, NULL, NULL),
(65, 25, 70, 1, NULL, NULL),
(66, 34, 71, 1, NULL, NULL),
(67, 35, 72, 1, NULL, NULL),
(68, 36, 73, 1, NULL, NULL),
(69, 37, 74, 1, NULL, NULL),
(70, 30, 75, 1, NULL, NULL),
(71, 30, 76, 1, NULL, NULL),
(72, 31, 77, 1, NULL, NULL),
(73, 32, 78, 1, NULL, NULL),
(74, 33, 79, 1, NULL, NULL),
(75, 26, 80, 1, NULL, NULL),
(76, 27, 81, 1, NULL, NULL),
(77, 28, 82, 1, NULL, NULL),
(78, 29, 83, 1, NULL, NULL),
(79, 38, 84, 1, NULL, NULL),
(80, 40, 85, 1, NULL, NULL),
(81, 41, 86, 1, NULL, NULL),
(82, 42, 87, 1, NULL, NULL),
(83, 43, 88, 1, NULL, NULL),
(84, 44, 89, 1, NULL, NULL),
(85, 45, 90, 1, NULL, NULL),
(86, 48, 91, 1, NULL, NULL),
(87, 46, 92, 1, NULL, NULL),
(88, 47, 93, 1, NULL, NULL),
(89, 49, 94, 1, NULL, NULL),
(90, 50, 95, 1, NULL, NULL),
(91, 51, 96, 1, NULL, NULL),
(92, 52, 97, 1, NULL, NULL);

-- --------------------------------------------------------

--
-- Dumping data for table `product_related`
--

INSERT INTO `product_related` (`product_id`, `related_product_id`, `created_at`, `updated_at`) VALUES
(42, 2, NULL, NULL),
(42, 3, NULL, NULL),
(42, 4, NULL, NULL),
(42, 5, NULL, NULL),
(42, 25, NULL, NULL),
(42, 30, NULL, NULL),
(42, 31, NULL, NULL),
(42, 32, NULL, NULL),
(42, 33, NULL, NULL),
(42, 40, NULL, NULL),
(42, 41, NULL, NULL),
(6, 7, NULL, NULL),
(6, 8, NULL, NULL),
(6, 9, NULL, NULL),
(6, 34, NULL, NULL),
(6, 35, NULL, NULL),
(6, 36, NULL, NULL),
(6, 37, NULL, NULL),
(6, 44, NULL, NULL),
(6, 46, NULL, NULL),
(7, 6, NULL, NULL),
(7, 8, NULL, NULL),
(7, 9, NULL, NULL),
(7, 34, NULL, NULL),
(7, 35, NULL, NULL),
(7, 36, NULL, NULL),
(7, 37, NULL, NULL),
(7, 44, NULL, NULL),
(7, 45, NULL, NULL),
(7, 47, NULL, NULL),
(9, 6, NULL, NULL),
(9, 7, NULL, NULL),
(9, 8, NULL, NULL),
(9, 34, NULL, NULL),
(9, 35, NULL, NULL),
(9, 36, NULL, NULL),
(9, 37, NULL, NULL),
(9, 45, NULL, NULL),
(9, 46, NULL, NULL),
(40, 2, NULL, NULL),
(40, 3, NULL, NULL),
(40, 4, NULL, NULL),
(40, 5, NULL, NULL),
(40, 25, NULL, NULL),
(40, 30, NULL, NULL),
(40, 31, NULL, NULL),
(40, 32, NULL, NULL),
(40, 33, NULL, NULL),
(40, 41, NULL, NULL),
(40, 42, NULL, NULL),
(40, 43, NULL, NULL),
(34, 7, NULL, NULL),
(34, 9, NULL, NULL),
(34, 35, NULL, NULL),
(34, 36, NULL, NULL),
(34, 37, NULL, NULL),
(34, 44, NULL, NULL),
(34, 45, NULL, NULL),
(34, 46, NULL, NULL),
(35, 6, NULL, NULL),
(35, 7, NULL, NULL),
(35, 8, NULL, NULL),
(35, 9, NULL, NULL),
(35, 34, NULL, NULL),
(35, 36, NULL, NULL),
(35, 37, NULL, NULL),
(35, 44, NULL, NULL),
(35, 45, NULL, NULL),
(36, 6, NULL, NULL),
(36, 7, NULL, NULL),
(36, 8, NULL, NULL),
(36, 9, NULL, NULL),
(36, 34, NULL, NULL),
(36, 35, NULL, NULL),
(36, 44, NULL, NULL),
(36, 45, NULL, NULL),
(36, 46, NULL, NULL),
(44, 6, NULL, NULL),
(44, 7, NULL, NULL),
(44, 8, NULL, NULL),
(44, 9, NULL, NULL),
(44, 34, NULL, NULL),
(44, 35, NULL, NULL),
(44, 36, NULL, NULL),
(44, 37, NULL, NULL),
(44, 45, NULL, NULL),
(46, 6, NULL, NULL),
(46, 7, NULL, NULL),
(46, 8, NULL, NULL),
(46, 9, NULL, NULL),
(46, 34, NULL, NULL),
(46, 35, NULL, NULL),
(46, 36, NULL, NULL),
(46, 37, NULL, NULL),
(46, 44, NULL, NULL),
(46, 45, NULL, NULL),
(46, 47, NULL, NULL),
(47, 6, NULL, NULL),
(47, 7, NULL, NULL),
(47, 8, NULL, NULL),
(47, 9, NULL, NULL),
(47, 34, NULL, NULL),
(47, 35, NULL, NULL),
(47, 36, NULL, NULL),
(47, 37, NULL, NULL),
(47, 44, NULL, NULL),
(47, 45, NULL, NULL),
(47, 46, NULL, NULL),
(10, 11, NULL, NULL),
(10, 12, NULL, NULL),
(10, 13, NULL, NULL),
(10, 22, NULL, NULL),
(10, 23, NULL, NULL),
(22, 10, NULL, NULL),
(22, 11, NULL, NULL),
(22, 12, NULL, NULL),
(22, 13, NULL, NULL),
(22, 23, NULL, NULL),
(14, 15, NULL, NULL),
(14, 16, NULL, NULL),
(14, 17, NULL, NULL),
(14, 38, NULL, NULL),
(14, 48, NULL, NULL),
(15, 14, NULL, NULL),
(15, 16, NULL, NULL),
(15, 17, NULL, NULL),
(15, 38, NULL, NULL),
(15, 48, NULL, NULL),
(16, 14, NULL, NULL),
(16, 15, NULL, NULL),
(16, 17, NULL, NULL),
(16, 38, NULL, NULL),
(16, 48, NULL, NULL),
(17, 14, NULL, NULL),
(17, 15, NULL, NULL),
(17, 16, NULL, NULL),
(17, 38, NULL, NULL),
(17, 48, NULL, NULL),
(19, 18, NULL, NULL),
(19, 20, NULL, NULL),
(19, 21, NULL, NULL),
(19, 26, NULL, NULL),
(19, 27, NULL, NULL),
(19, 28, NULL, NULL),
(19, 29, NULL, NULL),
(19, 49, NULL, NULL),
(19, 50, NULL, NULL),
(19, 51, NULL, NULL),
(19, 52, NULL, NULL),
(21, 18, NULL, NULL),
(21, 19, NULL, NULL),
(21, 20, NULL, NULL),
(21, 26, NULL, NULL),
(21, 27, NULL, NULL),
(21, 28, NULL, NULL),
(21, 29, NULL, NULL),
(21, 49, NULL, NULL),
(21, 50, NULL, NULL),
(21, 51, NULL, NULL),
(27, 18, NULL, NULL),
(27, 19, NULL, NULL),
(27, 20, NULL, NULL),
(27, 21, NULL, NULL),
(27, 26, NULL, NULL),
(27, 28, NULL, NULL),
(27, 29, NULL, NULL),
(27, 49, NULL, NULL),
(27, 50, NULL, NULL),
(27, 51, NULL, NULL),
(27, 52, NULL, NULL),
(50, 18, NULL, NULL),
(50, 19, NULL, NULL),
(50, 20, NULL, NULL),
(50, 21, NULL, NULL),
(50, 26, NULL, NULL),
(50, 27, NULL, NULL),
(50, 49, NULL, NULL),
(50, 51, NULL, NULL),
(50, 52, NULL, NULL),
(8, 6, NULL, NULL),
(8, 7, NULL, NULL),
(8, 9, NULL, NULL),
(8, 34, NULL, NULL),
(8, 35, NULL, NULL),
(8, 36, NULL, NULL),
(8, 37, NULL, NULL),
(8, 44, NULL, NULL),
(8, 45, NULL, NULL),
(8, 46, NULL, NULL),
(37, 6, NULL, NULL),
(37, 7, NULL, NULL),
(37, 8, NULL, NULL),
(37, 9, NULL, NULL),
(37, 34, NULL, NULL),
(37, 35, NULL, NULL),
(37, 36, NULL, NULL),
(37, 44, NULL, NULL),
(37, 45, NULL, NULL),
(37, 46, NULL, NULL),
(45, 6, NULL, NULL),
(45, 7, NULL, NULL),
(45, 8, NULL, NULL),
(45, 9, NULL, NULL),
(45, 34, NULL, NULL),
(45, 35, NULL, NULL),
(45, 36, NULL, NULL),
(45, 37, NULL, NULL),
(45, 44, NULL, NULL),
(25, 2, NULL, NULL),
(25, 3, NULL, NULL),
(25, 4, NULL, NULL),
(25, 5, NULL, NULL),
(25, 30, NULL, NULL),
(25, 31, NULL, NULL),
(25, 32, NULL, NULL),
(25, 33, NULL, NULL),
(25, 40, NULL, NULL),
(25, 41, NULL, NULL),
(25, 42, NULL, NULL),
(25, 43, NULL, NULL),
(20, 18, NULL, NULL),
(20, 19, NULL, NULL),
(20, 21, NULL, NULL),
(20, 26, NULL, NULL),
(20, 27, NULL, NULL),
(20, 28, NULL, NULL),
(20, 29, NULL, NULL),
(20, 49, NULL, NULL),
(20, 50, NULL, NULL),
(20, 51, NULL, NULL),
(20, 52, NULL, NULL),
(18, 19, NULL, NULL),
(18, 20, NULL, NULL),
(18, 21, NULL, NULL),
(18, 26, NULL, NULL),
(18, 28, NULL, NULL),
(18, 50, NULL, NULL),
(18, 51, NULL, NULL),
(18, 52, NULL, NULL),
(28, 18, NULL, NULL),
(28, 19, NULL, NULL),
(28, 20, NULL, NULL),
(28, 21, NULL, NULL),
(28, 26, NULL, NULL),
(28, 27, NULL, NULL),
(28, 29, NULL, NULL),
(28, 49, NULL, NULL),
(28, 50, NULL, NULL),
(28, 51, NULL, NULL),
(28, 52, NULL, NULL),
(38, 14, NULL, NULL),
(38, 15, NULL, NULL),
(38, 16, NULL, NULL),
(38, 17, NULL, NULL),
(38, 48, NULL, NULL),
(51, 18, NULL, NULL),
(51, 19, NULL, NULL),
(51, 20, NULL, NULL),
(51, 21, NULL, NULL),
(51, 26, NULL, NULL),
(51, 27, NULL, NULL),
(51, 28, NULL, NULL),
(51, 29, NULL, NULL),
(51, 49, NULL, NULL),
(51, 50, NULL, NULL),
(51, 52, NULL, NULL),
(52, 18, NULL, NULL),
(52, 19, NULL, NULL),
(52, 20, NULL, NULL),
(52, 21, NULL, NULL),
(52, 26, NULL, NULL),
(52, 27, NULL, NULL),
(52, 28, NULL, NULL),
(52, 29, NULL, NULL),
(52, 49, NULL, NULL),
(52, 50, NULL, NULL),
(52, 51, NULL, NULL),
(48, 15, NULL, NULL),
(48, 16, NULL, NULL),
(48, 17, NULL, NULL),
(48, 38, NULL, NULL),
(5, 2, NULL, NULL),
(5, 3, NULL, NULL),
(5, 4, NULL, NULL),
(5, 25, NULL, NULL),
(5, 30, NULL, NULL),
(5, 31, NULL, NULL),
(5, 32, NULL, NULL),
(5, 33, NULL, NULL),
(5, 40, NULL, NULL),
(5, 41, NULL, NULL),
(5, 42, NULL, NULL),
(5, 43, NULL, NULL),
(4, 2, NULL, NULL),
(4, 3, NULL, NULL),
(4, 5, NULL, NULL),
(4, 25, NULL, NULL),
(4, 30, NULL, NULL),
(4, 31, NULL, NULL),
(4, 32, NULL, NULL),
(4, 33, NULL, NULL),
(4, 40, NULL, NULL),
(4, 41, NULL, NULL),
(4, 42, NULL, NULL),
(4, 43, NULL, NULL),
(3, 2, NULL, NULL),
(3, 4, NULL, NULL),
(3, 5, NULL, NULL),
(3, 25, NULL, NULL),
(3, 30, NULL, NULL),
(3, 31, NULL, NULL),
(3, 32, NULL, NULL),
(3, 33, NULL, NULL),
(3, 40, NULL, NULL),
(3, 41, NULL, NULL),
(3, 42, NULL, NULL),
(3, 43, NULL, NULL),
(2, 3, NULL, NULL),
(2, 4, NULL, NULL),
(2, 5, NULL, NULL),
(2, 25, NULL, NULL),
(2, 30, NULL, NULL),
(2, 31, NULL, NULL),
(2, 32, NULL, NULL),
(2, 33, NULL, NULL),
(2, 40, NULL, NULL),
(2, 41, NULL, NULL),
(2, 42, NULL, NULL),
(41, 2, NULL, NULL),
(41, 3, NULL, NULL),
(41, 4, NULL, NULL),
(41, 5, NULL, NULL),
(41, 25, NULL, NULL),
(41, 30, NULL, NULL),
(41, 31, NULL, NULL),
(41, 32, NULL, NULL),
(41, 33, NULL, NULL),
(41, 40, NULL, NULL),
(41, 43, NULL, NULL),
(23, 10, NULL, NULL),
(23, 11, NULL, NULL),
(23, 12, NULL, NULL),
(23, 13, NULL, NULL),
(23, 22, NULL, NULL),
(12, 10, NULL, NULL),
(12, 11, NULL, NULL),
(12, 13, NULL, NULL),
(12, 22, NULL, NULL),
(12, 23, NULL, NULL),
(11, 10, NULL, NULL),
(11, 12, NULL, NULL),
(11, 13, NULL, NULL),
(11, 22, NULL, NULL),
(11, 23, NULL, NULL),
(13, 10, NULL, NULL),
(13, 11, NULL, NULL),
(13, 12, NULL, NULL),
(13, 22, NULL, NULL),
(13, 23, NULL, NULL),
(30, 2, NULL, NULL),
(30, 3, NULL, NULL),
(30, 4, NULL, NULL),
(30, 5, NULL, NULL),
(30, 25, NULL, NULL),
(30, 31, NULL, NULL),
(30, 32, NULL, NULL),
(30, 33, NULL, NULL),
(30, 40, NULL, NULL),
(30, 41, NULL, NULL),
(30, 42, NULL, NULL),
(30, 43, NULL, NULL),
(31, 2, NULL, NULL),
(31, 3, NULL, NULL),
(31, 4, NULL, NULL),
(31, 5, NULL, NULL),
(31, 25, NULL, NULL),
(31, 30, NULL, NULL),
(31, 32, NULL, NULL),
(31, 33, NULL, NULL),
(31, 40, NULL, NULL),
(31, 41, NULL, NULL),
(32, 2, NULL, NULL),
(32, 3, NULL, NULL),
(32, 4, NULL, NULL),
(32, 5, NULL, NULL),
(32, 25, NULL, NULL),
(32, 30, NULL, NULL),
(32, 31, NULL, NULL),
(32, 33, NULL, NULL),
(32, 40, NULL, NULL),
(32, 41, NULL, NULL),
(32, 42, NULL, NULL),
(33, 2, NULL, NULL),
(33, 3, NULL, NULL),
(33, 4, NULL, NULL),
(33, 5, NULL, NULL),
(33, 25, NULL, NULL),
(33, 30, NULL, NULL),
(33, 31, NULL, NULL),
(33, 32, NULL, NULL),
(33, 40, NULL, NULL),
(33, 41, NULL, NULL),
(33, 42, NULL, NULL),
(33, 43, NULL, NULL),
(43, 2, NULL, NULL),
(43, 3, NULL, NULL),
(43, 4, NULL, NULL),
(43, 5, NULL, NULL),
(43, 25, NULL, NULL),
(43, 30, NULL, NULL),
(43, 31, NULL, NULL),
(43, 32, NULL, NULL),
(43, 33, NULL, NULL),
(43, 40, NULL, NULL),
(43, 41, NULL, NULL),
(43, 42, NULL, NULL),
(26, 18, NULL, NULL),
(26, 19, NULL, NULL),
(26, 20, NULL, NULL),
(26, 21, NULL, NULL),
(26, 27, NULL, NULL),
(26, 28, NULL, NULL),
(26, 29, NULL, NULL),
(26, 49, NULL, NULL),
(26, 50, NULL, NULL),
(26, 51, NULL, NULL),
(26, 52, NULL, NULL),
(29, 18, NULL, NULL),
(29, 19, NULL, NULL),
(29, 20, NULL, NULL),
(29, 21, NULL, NULL),
(29, 26, NULL, NULL),
(29, 27, NULL, NULL),
(29, 28, NULL, NULL),
(29, 49, NULL, NULL),
(29, 50, NULL, NULL),
(29, 51, NULL, NULL),
(49, 18, NULL, NULL),
(49, 19, NULL, NULL),
(49, 20, NULL, NULL),
(49, 21, NULL, NULL),
(49, 26, NULL, NULL),
(49, 27, NULL, NULL),
(49, 28, NULL, NULL),
(49, 29, NULL, NULL),
(49, 50, NULL, NULL),
(49, 51, NULL, NULL);

-- --------------------------------------------------------

--
-- Dumping data for table `product_translations`
--

INSERT INTO `product_translations` (`id`, `title`, `body_html`, `meta_title`, `meta_keyword`, `meta_description`, `product_id`, `language_id`, `created_at`, `updated_at`) VALUES
(1, 'Xiaomi', NULL, 'Xiaomi', 'Xiaomi', NULL, 1, 1, NULL, '2021-09-29 07:50:37'),
(2, 'Dim Sums', '<p>Dim sum is a&nbsp;traditional Chinese meal made up of small plates of dumplings and other snack dishes&nbsp;and is usually accompanied by tea.</p>', NULL, NULL, NULL, 2, 1, NULL, '2021-10-06 06:53:43'),
(3, 'Dim Sums', '', '', '', '', 2, 1, NULL, '2021-09-29 07:50:37'),
(4, 'Hot and Sour Soup', '<p>Hot and sour soup is a soup from Asian culinary traditions. In all cases, the soup contains ingredients to make it both spicy and sour.</p>', NULL, NULL, NULL, 3, 1, NULL, '2021-10-06 06:54:44'),
(5, 'Dim Sums', '', '', '', '', 2, 1, NULL, '2021-09-29 07:50:37'),
(6, 'Hot and Sour Soup', '', '', '', '', 3, 1, NULL, '2021-09-29 07:50:37'),
(7, 'Chicken with Chestnuts', '<p>Minced chicken stir fried with mushrooms, water chestnuts and radish and served on a bed of lettuce.</p>', NULL, NULL, NULL, 4, 1, NULL, '2021-10-06 06:55:32'),
(8, 'Dim Sums', '', '', '', '', 2, 1, NULL, '2021-09-29 07:50:37'),
(9, 'Hot and Sour Soup', '', '', '', '', 3, 1, NULL, '2021-09-29 07:50:37'),
(10, 'Chicken with Chestnuts', '', '', '', '', 4, 1, NULL, '2021-09-29 07:50:37'),
(11, 'Spring Rolls', '<p>Spring rolls are a large variety of filled, rolled appetizers or dim sum found in East Asian, Southeast Asian cuisine.</p>', NULL, NULL, NULL, 5, 1, NULL, '2021-10-06 06:56:08'),
(12, 'Lemonade', '<p>Lemonade is a sweetened lemon-flavored beverage. There are varieties of lemonade found throughout the world.&nbsp;</p>', NULL, NULL, NULL, 6, 1, NULL, '2021-10-06 06:57:20'),
(13, 'Lemonade', '', '', '', '', 6, 1, NULL, '2021-09-29 07:50:37'),
(14, 'Hot chocolate', '<p>Hot chocolate, also known as hot cocoa or drinking chocolate, is a heated drink consisting of shaved chocolate, melted chocolate or cocoa powder, heated milk or water, and usually a sweetener.</p>', NULL, NULL, NULL, 7, 1, NULL, '2021-10-06 06:58:07'),
(15, 'Lemonade', '', '', '', '', 6, 1, NULL, '2021-09-29 07:50:37'),
(16, 'Hot chocolate', '', '', '', '', 7, 1, NULL, '2021-09-29 07:50:37'),
(17, 'Iced tea', '<p>Iced tea is a form of cold tea. Though usually served in a glass with ice, it can refer to any tea that has been chilled or cooled.</p>', NULL, NULL, NULL, 8, 1, NULL, '2021-10-06 06:58:34'),
(18, 'Lemonade', '', '', '', '', 6, 1, NULL, '2021-09-29 07:50:37'),
(19, 'Hot chocolate', '', '', '', '', 7, 1, NULL, '2021-09-29 07:50:37'),
(20, 'Iced tea', '', '', '', '', 8, 1, NULL, '2021-09-29 07:50:37'),
(21, 'Smoothie', '<p>Smoothie&nbsp; is a drink made by pur&eacute;eing fruit and vegetables in a blender.</p>', NULL, NULL, NULL, 9, 1, NULL, '2021-10-06 06:59:32'),
(22, 'Margherita pizza', '<p>Pizza margherita, as the Italians call it, is a simple pizza hailing from Naples. When done right, margherita pizza features a&nbsp;bubbly crust, crushed San Marzano tomato sauce, fresh mozzarella and basil, a drizzle of olive oil, and a sprinkle of salt.</p>', NULL, NULL, NULL, 10, 1, NULL, '2021-10-06 07:00:18'),
(23, 'Margherita pizza', '', '', '', '', 10, 1, NULL, '2021-09-29 07:50:37'),
(24, 'Mushroom Risotto', '<p>Mushroom risotto is a&nbsp;rich, creamy dish&nbsp;with nearly a porridge-like consistency, yet each grain of rice retains a distinct bite.</p>', NULL, NULL, NULL, 11, 1, NULL, '2021-10-06 07:02:05'),
(25, 'Margherita pizza', '', '', '', '', 10, 1, NULL, '2021-09-29 07:50:37'),
(26, 'Mushroom Risotto', '', '', '', '', 11, 1, NULL, '2021-09-29 07:50:37'),
(27, 'Focaccia Bread', '<p>Focaccia is a flat oven-baked Italian bread similar in style and texture to pizza; in some places, it is called pizza bianca. Focaccia can be served as a side dish or as sandwich bread.&nbsp;</p>', NULL, NULL, NULL, 12, 1, NULL, '2021-10-06 07:02:46'),
(28, 'Margherita pizza', '', '', '', '', 10, 1, NULL, '2021-09-29 07:50:37'),
(29, 'Mushroom Risotto', '', '', '', '', 11, 1, NULL, '2021-09-29 07:50:37'),
(30, 'Focaccia Bread ', '', '', '', '', 12, 1, NULL, '2021-09-29 07:50:37'),
(31, 'Bruschetta', '<p>Bruschetta is an antipasto from Italy consisting of grilled bread rubbed with garlic and topped with olive oil and salt. Variations may include toppings of tomato, vegetables, beans, cured meat, or cheese.</p>', NULL, NULL, NULL, 13, 1, NULL, '2021-10-06 07:03:39'),
(32, 'Almond and date cake', '<p>Almond and date cake made with combine sugar and butter in a large bowl; beat with an electric mixer until creamy. Beat in yogurt and eggs. Mix in flour, bicarbonate of soda, nutmeg and salt.</p>', NULL, NULL, NULL, 14, 1, NULL, '2021-10-06 07:09:29'),
(33, 'Almond and date cake', '', '', '', '', 14, 1, NULL, '2021-09-29 07:50:37'),
(34, 'Chocolate mousse', '<p>Chocolate mousse is made by cooking the milk and sugar base and adding cornstarch to thicken the mixture. Mousse is made by folding beaten egg whites or whipped cream into a cold milk and sugar base.&nbsp;</p>', NULL, NULL, NULL, 15, 1, NULL, '2021-10-08 05:49:03'),
(35, 'Almond and date cake', '', '', '', '', 14, 1, NULL, '2021-09-29 07:50:37'),
(36, 'Chocolate mousse', '', '', '', '', 15, 1, NULL, '2021-09-29 07:50:37'),
(37, 'Roasted strawberry crumble', '<p>Roasted strawberry crumb&nbsp;bars have a soft, buttery crust and crumbly topping and are filled with a layer of sweet&nbsp;roasted strawberries.</p>', NULL, NULL, NULL, 16, 1, NULL, '2021-10-06 07:11:53'),
(38, 'Almond and date cake', '', '', '', '', 14, 1, NULL, '2021-09-29 07:50:37'),
(39, 'Chocolate mousse', '', '', '', '', 15, 1, NULL, '2021-09-29 07:50:37'),
(40, 'Roasted strawberry crumble', '', '', '', '', 16, 1, NULL, '2021-09-29 07:50:37'),
(41, 'Apple cinnamon custard cake', '<p>Apple&nbsp;and&nbsp;Cinnamon&nbsp;Bars Soft&nbsp;Cake&nbsp;bottom, creamy&nbsp;Custard&nbsp;filling and Caramelized&nbsp;Apple&nbsp;topping baked all at once makes a delicious Fall dessert.</p>', NULL, NULL, NULL, 17, 1, NULL, '2021-10-06 07:12:56'),
(42, 'Prawn Pie', '<p>Prawns Pie&nbsp;and hard boiled eggs are other common additional ingredients. Parsley or chives are sometimes added to the sauce.</p>', NULL, NULL, NULL, 18, 1, NULL, '2021-10-06 07:18:09'),
(43, 'Prawn Pie', '', '', '', '', 18, 1, NULL, '2021-09-29 07:50:37'),
(44, 'Poached Pear Salad', '<p>Poaching pears&nbsp;Salad couldn&#39;t be easier, but during cooking, the one thing you want to watch out for is the pears either&nbsp;poking&nbsp;out of the water or not cooking them enough.</p>', NULL, NULL, NULL, 19, 1, NULL, '2021-10-06 07:19:58'),
(45, 'Prawn Pie', '', '', '', '', 18, 1, NULL, '2021-09-29 07:50:37'),
(46, 'Poached Pear Salad', '', '', '', '', 19, 1, NULL, '2021-09-29 07:50:37'),
(47, 'Crispy Calamari Rings', '<p>Crispy Calamari Rings fried calamari recipe is&nbsp;tender pieces of squid soaked in buttermilk, then coated in seasoned flour and deep fried to golden brown perfection.</p>', NULL, NULL, NULL, 20, 1, NULL, '2021-10-06 07:21:25'),
(48, 'Prawn Pie', '', '', '', '', 18, 1, NULL, '2021-09-29 07:50:37'),
(49, 'Poached Pear Salad', '', '', '', '', 19, 1, NULL, '2021-09-29 07:50:37'),
(50, 'Crispy Calamari Rings', '', '', '', '', 20, 1, NULL, '2021-09-29 07:50:37'),
(51, 'Sweet Potato Pie', '<p>Sweet potato pie is a traditional dessert, originating in the Southern United States among the African American community.</p>', NULL, NULL, NULL, 21, 1, NULL, '2021-10-06 07:21:51'),
(52, 'Burger', '<p>Burger is a food, typically considered a sandwich, consisting of one or more cooked patties&mdash;usually ground meat, typically beef&mdash;placed inside a sliced bread roll or bun.</p>', NULL, NULL, NULL, 22, 1, NULL, '2021-10-06 07:04:26'),
(53, 'French fries', '<p>French fries, chips, finger chips, French-fried potatoes, or simply fries are batonnet or allumette-cut deep-fried potatoes, originating from either Belgium or France.&nbsp;</p>', NULL, NULL, NULL, 23, 1, NULL, '2021-10-06 07:04:56'),
(54, 'Hot & Crispy Chicken', NULL, NULL, NULL, NULL, 24, 1, NULL, '2021-10-05 12:34:38'),
(55, 'Hot&CrispyChicken', '<p>Hot and Crispy Chicken. I am a big fan of KFC and their Hot and Crispy Chicken, so I went inside and ordered 4 pcs of Hot and Crispy Chicken along with a Virgin Mojito.&nbsp;</p>', NULL, NULL, NULL, 25, 1, NULL, '2021-10-06 06:56:45'),
(56, 'Tempura', '<p>Tempura is a Japanese dish that&nbsp;is made out of crispy deep fried seafood and vegetables. Usually ingredients such as prawns, squash, carrots, eggplants, green beans, sweet potatoes and okra are used.</p>', NULL, NULL, NULL, 26, 1, NULL, '2021-10-08 05:24:58'),
(57, 'Tempura', '', '', '', '', 26, 1, NULL, NULL),
(58, 'Sushi', '<p>Sushi,&nbsp;a staple rice dish of Japanese cuisine, consisting of cooked rice flavoured with vinegar and a variety of vegetable, egg, or raw seafood garnishes and served cold. ... For maki-zushi, a sheet of nori (laver, a seaweed) is spread with rice, then with seafood or vegetables and garnishes.</p>', NULL, NULL, NULL, 27, 1, NULL, '2021-10-08 05:25:41'),
(59, 'Tempura', '', '', '', '', 26, 1, NULL, NULL),
(60, 'Sushi', '', '', '', '', 27, 1, NULL, NULL),
(61, 'Miso Soup', '<p>Miso soup as&nbsp;salty and earthy, with sweet and spicy flavors becoming more prevalent during cooking. In many Asian cultures, miso paste&nbsp; is mixed with dashi broth cooked for hours to make this Japanese staple dish called miso soup.</p>', NULL, NULL, NULL, 28, 1, NULL, '2021-10-08 05:27:21'),
(62, 'Tempura', '', '', '', '', 26, 1, NULL, NULL),
(63, 'Sushi', '', '', '', '', 27, 1, NULL, NULL),
(64, 'Miso Soup', '', '', '', '', 28, 1, NULL, NULL),
(65, 'Unagi', '<p>Unagi is&nbsp;the Japanese word for freshwater eel, especially the Japanese eel, Anguilla japonica. Unagi is a common ingredient in Japanese cooking, often as kabayaki. It is not to be confused with saltwater eel, which is known as anago in Japanese.</p>', NULL, NULL, NULL, 29, 1, NULL, '2021-10-08 05:37:23'),
(66, 'Fajitas', '<p>Fajitas. Made&nbsp;with sauted onions, tomatoes and bell peppers. Serverd with rice, beans, garnish, guacamole and your choice of corn or flour tortillas.</p>', NULL, NULL, NULL, 30, 1, NULL, '2021-10-08 05:20:21'),
(67, 'Fajitas', '', '', '', '', 30, 1, NULL, NULL),
(68, 'Twinkies', '<p>Twinkie as we know it today was born. The vanilla cream has been the dominant flavor for Twinkies ever since, with a few brief limited time productions of chocolate, banana, and other fruit flavors.</p>', NULL, NULL, NULL, 31, 1, NULL, '2021-10-08 05:23:46'),
(69, 'Fajitas', '', '', '', '', 30, 1, NULL, NULL),
(70, 'Twinkies', '', '', '', '', 31, 1, NULL, NULL),
(71, 'Pot roast', '<p>Pot roast is&nbsp;<strong>a big, tough beef cut</strong>&nbsp;(usually a cheap cut perfect for slow cooking), seared, covered and cooked slow with herbs and veggies in a flavourful broth until fall apart tender. A good pot roast can be made with any cut of beef roast: chuck roast, round roast, or briskets.</p>', NULL, NULL, NULL, 32, 1, NULL, '2021-10-08 06:07:56'),
(72, 'Fajitas', '', '', '', '', 30, 1, NULL, NULL),
(73, 'Twinkies', '', '', '', '', 31, 1, NULL, NULL),
(74, 'Pot roast', '', '', '', '', 32, 1, NULL, NULL),
(75, 'Cobb salad', '<p>The Cobb salad is a&nbsp;<strong>main-dish American garden salad</strong>&nbsp;typically made with chopped salad greens (iceberg lettuce, watercress, endives and romaine lettuce), tomato, crisp bacon, fried chicken breast, hard-boiled eggs, avocado, chives, blue cheese, and red-wine vinaigrette.</p>', NULL, NULL, NULL, 33, 1, NULL, '2021-10-08 06:06:58'),
(76, 'French onion soup', '<p>French onion&nbsp;soup is a type of soup usually based on meat stock and onions, and often served gratin&eacute;ed with croutons or a larger piece of bread.</p>', NULL, NULL, NULL, 34, 1, NULL, '2021-10-08 05:17:20'),
(77, 'French onion soup', '', '', '', '', 34, 1, NULL, NULL),
(78, 'Chicken confit', '<p>Chicken confit is&nbsp;the act of preserving or slow-cooking meat in fat. Our version uses olive oil for an extremely juicy chicken and a nice crispy skin.</p>', NULL, NULL, NULL, 35, 1, NULL, '2021-10-08 05:15:59'),
(79, 'French onion soup', '', '', '', '', 34, 1, NULL, NULL),
(80, 'Chicken confit', '', '', '', '', 35, 1, NULL, NULL),
(81, 'Salmon en papillote', '<p>Cooking salmon in parchment with vegetables is nearly fool-proof&mdash;the steam<strong>-</strong>cooking that happens en papillote guarantees that your fish comes out of the oven beautifully moist and tender.</p>', NULL, NULL, NULL, 36, 1, NULL, '2021-10-08 05:15:44'),
(82, 'French onion soup', '', '', '', '', 34, 1, NULL, NULL),
(83, 'Chicken confit', '', '', '', '', 35, 1, NULL, NULL),
(84, 'Salmon en papillote', '', '', '', '', 36, 1, NULL, NULL),
(85, 'Quiche Lorraine', '<p>Quiche Lorraine creamy mushroom soup is seasoned generously with dill, paprika, parsley, and lemon juice. Sour cream is added at the end of cooking, making the soup&nbsp;.</p>', NULL, NULL, NULL, 37, 1, NULL, '2021-10-08 05:18:07'),
(86, 'Small cakes and pastries', '<p>Small cakes and pastries is a small teacake, variously frosted and decorated. This lower temperature was perfect for baking individual pastries and bite-sized cookies and appetizers, all of which came to be called petits fours.</p>', NULL, NULL, NULL, 38, 1, NULL, '2021-10-08 07:34:40'),
(87, 'Small cakes and pastries', '', '', '', '', 38, 1, NULL, NULL),
(88, 'Cheesecake', '', '', '', '', 39, 1, NULL, NULL),
(89, 'Dumplings', '<p>dumpling,&nbsp;<strong>small mass of leavened dough that is either boiled or steamed and served</strong>&nbsp;in soups or stews or with fruit. Dumplings are most commonly formed from flour or meal bound with egg and then simmered in water or gravy stock until they take on a light cakey texture</p>', NULL, NULL, NULL, 40, 1, NULL, '2021-10-08 06:06:07'),
(90, 'Dumplings', '', '', '', '', 40, 1, NULL, NULL),
(91, 'Chow Mein', '<p>Chow mein is a popular Chinese dish of stir fried noodles with mix vegetables, soy sauce, aromatics and spices. My street style veg chowmein recipe is a delightful Indo-Chinese fusion. This vegan dish is a savory masterpiece of smooth, velvety noodles and oodles of crunchy veggies. You&rsquo;re sure to fall in love with this Asian noodles dish; it is utterly slurp-able to the last bite.</p>', NULL, NULL, NULL, 41, 1, NULL, '2021-10-08 06:04:26'),
(92, 'Dumplings', '', '', '', '', 40, 1, NULL, NULL),
(93, 'Chow Mein', '', '', '', '', 41, 1, NULL, NULL),
(94, 'Barbecue Ribs', '<p>A&nbsp;<strong>reference often made to pork or beef ribs</strong>&nbsp;that are cooked using the low, indirect heat and smoke of a barbecue pit or the high, direct heat of a grill. Prior to cooking the ribs, a rub or marinade is often used to flavor and tenderize the meat.</p>', NULL, NULL, NULL, 42, 1, NULL, '2021-10-08 06:03:11'),
(95, 'Dumplings', '', '', '', '', 40, 1, NULL, NULL),
(96, 'Chow Mein', '', '', '', '', 41, 1, NULL, NULL),
(97, 'Barbecue Ribs', '', '', '', '', 42, 1, NULL, NULL),
(98, 'Hot Dogs', '<p>&ldquo;Hot dog&rdquo; means&nbsp;<strong>a whole, cured, cooked sausage that is skinless or stuffed in a casing</strong>, that may be known as a frankfurter, frank, furter, wiener, red hot, vienna, bologna, garlic bologna, or knockwurst, and that may be served in a bun or roll.</p>', NULL, NULL, NULL, 43, 1, NULL, '2021-10-08 06:02:17'),
(99, 'Flamiche', '<p>Flamiche is a specialty of Picardy (located in northern France), and&nbsp;<strong>a puff pastry tart made with leeks and cream</strong>. The pastry is made of a brioche type dough. It resembles a quiche.</p>', NULL, NULL, NULL, 44, 1, NULL, '2021-10-08 05:52:53'),
(100, 'Flamiche', '', '', '', '', 44, 1, NULL, NULL),
(101, 'Chocolate souffle', '<p>A souffle is&nbsp;a baked dish with a flavorful base mixed with beaten egg whites. When baked, air bubbles in the egg whites expand, puffing the souffl&eacute; up over the top of the dish. The name for this signature French dish is a derivative of the French verb &ldquo;souffler,&rdquo; which means &ldquo;to blow&rdquo; or &ldquo;to inflate.&rdquo;</p>', NULL, NULL, NULL, 45, 1, NULL, '2021-10-08 06:36:35'),
(102, 'Beer', '<p>A&nbsp;<strong>carbonated, fermented alcoholic beverage</strong>&nbsp;that is usually made from malted cereal grain (especially barley), is flavored with hops, and typically contains less than a 5% alcohol content &mdash; compare ale, craft beer, lager entry 1, malt liquor sense 2</p>', NULL, NULL, NULL, 46, 1, NULL, '2021-10-08 05:59:17'),
(103, 'Beer', '', '', '', '', 46, 1, NULL, NULL),
(104, 'Wine', '<p>In simple terms, wine is&nbsp;<strong>fermented grape juice</strong>. Malolactic Fermentation: This is a secondary fermentation in which naturally occurring malic acid (which is tart like tart apples) changes into lactic acid (which is smooth like butter). Many wines described as &ldquo;buttery&rdquo; or &ldquo;creamy&rdquo; have gone through the process of Malo</p>', NULL, NULL, NULL, 47, 1, NULL, '2021-10-08 06:00:44'),
(105, 'Almond cookie', '<p>Almond Cookies are buttery, soft and chewy these cookies are made with&nbsp;almond flour, almond extract, and topped with slices of toasted almond! These cookies are quick and easy to make and are perfect for gifting to others or putting onto a dessert platter for the holidays.</p>', NULL, NULL, NULL, 48, 1, NULL, '2021-10-08 07:37:07'),
(106, 'Onigiri', '<p>Onigiri, also known as omusubi nigirimeshi, or rice ball, is&nbsp;a Japanese food made from white rice formed into triangular or cylindrical shapes and often wrapped in nori. Onigiri makes rice portable and easy to eat as well as preserving it, while sushi originated as a way of preserving fish.</p>', NULL, NULL, NULL, 49, 1, NULL, '2021-10-08 07:31:12'),
(107, 'Onigiri', '', '', '', '', 49, 1, NULL, NULL),
(108, 'Yakitori', '<p>Yakitori is&nbsp;<strong>a Japanese dish of bite-sized pieces of chicken that are skewered and roasted over a grill</strong>, typically a charcoal grill. Yakitori is commonly eaten as a snack with drinks, or as a whole meal, and is very popular in Japan given the rich and diverse flavor of the meat, and the casual dining style</p>', NULL, NULL, NULL, 50, 1, NULL, '2021-10-08 06:12:55'),
(109, 'Onigiri', '', '', '', '', 49, 1, NULL, NULL),
(110, 'Yakitori', '', '', '', '', 50, 1, NULL, NULL),
(111, 'Apple Sausage Plait', '<p>This is a crowd pleaser and a really good quick dinner for the family. Make your own rough puff pastry or buy some ready made from the shop. This Sausage Plait recipe is made from sausage meat, apples and a light puff pastry. Getting the plait right is the trickiest bit but really this is a simple recipe for a family dinner. We&#39;ve added in one of our classic videos to walk you through making your own puff pastry, but if you are short on time you can always use the shop bought stuff.</p>', NULL, NULL, NULL, 51, 1, NULL, '2021-10-08 07:35:11'),
(112, 'Onigiri', '', '', '', '', 49, 1, NULL, NULL),
(113, 'Yakitori', '', '', '', '', 50, 1, NULL, NULL),
(114, 'Apple Sausage Plait', '', '', '', '', 51, 1, NULL, NULL),
(115, 'Peppered Pasta Salad', '<p>This spicy, sweet, and punchy pasta salad is perfect for a hot summer picnic when mayonnaise just doesn&rsquo;t feel right. If you aren&rsquo;t a big fan of heat, skip the chiles in favor of all sweet bell peppers&shy;&mdash;it will still be bright and delicious, and perfect at room (ahem, air) temperature.</p>', NULL, NULL, NULL, 52, 1, NULL, '2021-10-08 07:36:53');

-- --------------------------------------------------------

--
-- Dumping data for table `product_variants`
--

INSERT INTO `product_variants` (`id`, `sku`, `product_id`, `title`, `quantity`, `price`, `position`, `compare_at_price`, `barcode`, `cost_price`, `currency_id`, `tax_category_id`, `inventory_policy`, `fulfillment_service`, `inventory_management`, `created_at`, `updated_at`, `status`) VALUES
(1, 'sku-id', 1, NULL, 100, '500.00', 1, '500.00', '7543ebf012007e', '300.00', NULL, NULL, NULL, NULL, NULL, NULL, NULL, 1),
(2, 'sku-id-1*5', 1, 'sku-id-Black-Black', 100, '500.00', 1, '500.00', '1500cdf2d597df', '300.00', NULL, NULL, NULL, NULL, NULL, NULL, NULL, 1),
(3, 'sku-id-1*6', 1, 'sku-id-Black-Grey', 100, '500.00', 1, '500.00', '2ea56327679387', '300.00', NULL, NULL, NULL, NULL, NULL, NULL, NULL, 1),
(4, 'sku-id-7*5', 1, 'sku-id-Medium-Black', 100, '500.00', 1, '500.00', '8f47f11a19433f', '300.00', NULL, NULL, NULL, NULL, NULL, NULL, NULL, 1),
(5, 'sku-id-7*6', 1, 'sku-id-Medium-Grey', 100, '500.00', 1, '500.00', '8f7318b112bbe9', '300.00', NULL, NULL, NULL, NULL, NULL, NULL, NULL, 1),
(6, 'CN907', 2, NULL, 250, '12.00', 1, '13.00', 'b37342e29590c2', NULL, NULL, NULL, NULL, NULL, NULL, '2021-09-29 06:56:51', '2021-10-04 14:06:14', 1),
(7, 'CN908', 3, NULL, 160, '10.00', 1, '12.00', '7a017ebdf25655', NULL, NULL, NULL, NULL, NULL, NULL, '2021-09-29 06:56:51', '2021-09-29 07:05:01', 1),
(8, 'CN909', 4, NULL, 100, '9.00', 1, '10.00', '8f3902274c8ea6', NULL, NULL, NULL, NULL, NULL, NULL, '2021-09-29 06:56:51', '2021-09-29 07:06:12', 1),
(9, 'CN910', 5, NULL, 150, '10.00', 1, '13.00', 'f970ef827244b2', NULL, NULL, NULL, NULL, NULL, NULL, '2021-09-29 06:56:51', '2021-09-29 07:08:54', 1),
(10, 'BVRG277', 6, NULL, 160, '12.00', 1, '14.00', 'a6f0030742a43d', NULL, NULL, NULL, NULL, NULL, NULL, '2021-09-29 07:10:56', '2021-09-29 07:11:55', 1),
(11, 'BVRG278', 7, NULL, 140, '9.00', 1, '10.00', '1b2a2840d6dea6', NULL, NULL, NULL, NULL, NULL, NULL, '2021-09-29 07:10:56', '2021-09-29 07:13:00', 1),
(12, 'BVRG279', 8, NULL, 160, '5.00', 1, '6.00', 'dd913aecdfa215', NULL, NULL, NULL, NULL, NULL, NULL, '2021-09-29 07:10:56', '2021-09-29 07:13:53', 1),
(13, 'BVRG280', 9, NULL, 120, '6.00', 1, '8.00', 'b61500ca1ba7b6', NULL, NULL, NULL, NULL, NULL, NULL, '2021-09-29 07:10:56', '2021-09-29 07:14:42', 1),
(14, 'ITA555', 10, NULL, 160, '9.00', 1, '10.00', '601e39b34cff83', NULL, NULL, NULL, NULL, NULL, NULL, '2021-09-29 07:16:40', '2021-09-29 07:19:32', 1),
(15, 'ITA556', 11, NULL, 100, '11.00', 1, '12.00', 'c95831c1184869', NULL, NULL, NULL, NULL, NULL, NULL, '2021-09-29 07:16:40', '2021-09-29 07:19:22', 1),
(16, 'ITA557', 12, NULL, 110, '8.00', 1, '9.00', '34566caf1cd66a', NULL, NULL, NULL, NULL, NULL, NULL, '2021-09-29 07:16:40', '2021-09-29 07:20:28', 1),
(17, 'ITA558', 13, NULL, 140, '12.00', 1, '13.00', '449c55256011c4', NULL, NULL, NULL, NULL, NULL, NULL, '2021-09-29 07:16:40', '2021-09-29 07:21:58', 1),
(18, 'DRS567', 14, NULL, 120, '9.00', 1, '10.00', '1b69919cb0f82b', NULL, NULL, NULL, NULL, NULL, NULL, '2021-09-29 07:23:21', '2021-09-29 07:24:19', 1),
(19, 'DRS568', 15, NULL, 150, '10.00', 1, '13.00', '9bb27b825bbb06', NULL, NULL, NULL, NULL, NULL, NULL, '2021-09-29 07:23:21', '2021-09-29 07:25:50', 1),
(20, 'DRS569', 16, NULL, 120, '10.00', 1, '12.00', 'b4dfc90cc96f1f', NULL, NULL, NULL, NULL, NULL, NULL, '2021-09-29 07:23:21', '2021-09-29 07:33:08', 1),
(21, 'DRS570', 17, NULL, 120, '12.00', 1, '13.00', '30721185b7c399', NULL, NULL, NULL, NULL, NULL, NULL, '2021-09-29 07:23:21', '2021-09-29 07:33:52', 1),
(22, 'CNN0088', 18, NULL, 120, '12.00', 1, '13.00', '0b0edd5899e2a1', NULL, NULL, NULL, NULL, NULL, NULL, '2021-09-29 07:38:20', '2021-09-29 07:43:15', 1),
(23, 'CNN0089', 19, NULL, 160, '10.00', 1, '12.00', '62856877bbf3c2', NULL, NULL, NULL, NULL, NULL, NULL, '2021-09-29 07:38:20', '2021-09-29 07:44:08', 1),
(24, 'CNN0090', 20, NULL, 110, '12.00', 1, '14.00', 'bd740a8b59d018', NULL, NULL, NULL, NULL, NULL, NULL, '2021-09-29 07:38:20', '2021-09-29 07:45:26', 1),
(25, 'CNN0091', 21, NULL, 130, '8.00', 1, '9.00', '1bcbbc8e95f86f', NULL, NULL, NULL, NULL, NULL, NULL, '2021-09-29 07:38:20', '2021-09-29 07:46:21', 1),
(26, 'burger', 22, NULL, 250, '15.00', 1, '16.00', '31a715fed0bb49', NULL, NULL, NULL, NULL, NULL, NULL, '2021-10-05 12:15:00', '2021-10-05 12:17:55', 1),
(27, 'French fries', 23, NULL, 150, '10.00', 1, '12.00', '5ce7ef98ce158f', NULL, NULL, NULL, NULL, NULL, NULL, '2021-10-05 12:24:33', '2021-10-05 12:27:06', 1),
(28, 'Hot&CrispyChicken16334378377f70082', 24, NULL, 220, '10.00', 1, '12.00', '73d0fcf336bb59', NULL, NULL, NULL, NULL, NULL, NULL, '2021-10-05 12:32:56', '2021-10-05 12:43:57', 1),
(29, 'Hot&CrispyChicken', 25, NULL, 150, '10.00', 1, '13.00', 'd4f58aded52386', NULL, NULL, NULL, NULL, NULL, NULL, '2021-10-05 12:44:10', '2021-10-05 12:44:38', 1),
(30, 'DRS167', 26, NULL, 250, '22.00', 1, '23.00', '4731d520c21ae8', NULL, NULL, NULL, NULL, NULL, NULL, '2021-10-08 05:03:42', '2021-10-08 05:24:58', 1),
(31, 'DRS168', 27, NULL, 270, '15.00', 1, '17.00', 'fbe02c05d149d7', NULL, NULL, NULL, NULL, NULL, NULL, '2021-10-08 05:03:42', '2021-10-08 05:25:41', 1),
(32, 'DRS169', 28, NULL, 260, '12.00', 1, '14.00', 'e2d29f0495719d', NULL, NULL, NULL, NULL, NULL, NULL, '2021-10-08 05:03:42', '2021-10-08 05:27:21', 1),
(33, 'DRS170', 29, NULL, 160, '12.00', 1, '14.00', '063d24c44e83ee', NULL, NULL, NULL, NULL, NULL, NULL, '2021-10-08 05:03:42', '2021-10-08 05:37:23', 1),
(34, 'AMS123', 30, NULL, 220, '15.00', 1, '17.00', 'df42607ceccbe3', NULL, NULL, NULL, NULL, NULL, NULL, '2021-10-08 05:06:56', '2021-10-08 05:22:05', 1),
(35, 'AMS124', 31, NULL, 250, '20.00', 1, '22.00', 'ff9510a75a727b', NULL, NULL, NULL, NULL, NULL, NULL, '2021-10-08 05:06:56', '2021-10-08 05:23:46', 1),
(36, 'AMS125', 32, NULL, 1999, '18.00', 1, '20.00', '878f54453ee476', NULL, NULL, NULL, NULL, NULL, NULL, '2021-10-08 05:06:56', '2021-10-08 05:24:47', 1),
(37, 'AMS126', 33, NULL, 180, '10.00', 1, '13.00', '08a40cd7cf7806', NULL, NULL, NULL, NULL, NULL, NULL, '2021-10-08 05:06:56', '2021-10-08 05:35:39', 1),
(38, 'FR321', 34, NULL, 150, '10.00', 1, '12.00', '14b5329f029749', NULL, NULL, NULL, NULL, NULL, NULL, '2021-10-08 05:09:19', '2021-10-08 05:11:15', 1),
(39, 'FR322', 35, NULL, 200, '12.00', 1, '15.00', 'ecc353fcf792b1', NULL, NULL, NULL, NULL, NULL, NULL, '2021-10-08 05:09:19', '2021-10-08 05:12:57', 1),
(40, 'FR323', 36, NULL, 200, '15.00', 1, '16.00', '14e47170a8bdd2', NULL, NULL, NULL, NULL, NULL, NULL, '2021-10-08 05:09:19', '2021-10-08 05:15:13', 1),
(41, 'FR324', 37, NULL, 150, '15.00', 1, '16.00', '5b0553a88e6f4e', NULL, NULL, NULL, NULL, NULL, NULL, '2021-10-08 05:09:19', '2021-10-08 05:19:28', 1),
(42, 'DRS571', 38, NULL, 1880, '18.00', 1, '23.00', '6756a46dcb3769', NULL, NULL, NULL, NULL, NULL, NULL, '2021-10-08 05:39:53', '2021-10-08 05:41:06', 1),
(43, 'DRS5721633671725ae21e80', 39, NULL, 0, '0.00', 1, '0.00', '53e1ce591855e8', NULL, NULL, NULL, NULL, NULL, NULL, '2021-10-08 05:39:53', '2021-10-08 05:42:05', 1),
(44, 'CA221', 40, NULL, 1990, '18.00', 1, '23.00', '32f55aebef4d64', NULL, NULL, NULL, NULL, NULL, NULL, '2021-10-08 05:41:12', '2021-10-08 05:43:29', 1),
(45, 'CA222', 41, NULL, 23, '17.00', 1, '20.00', '8fbe35e14ce968', NULL, NULL, NULL, NULL, NULL, NULL, '2021-10-08 05:41:12', '2021-10-08 05:45:55', 1),
(46, 'CA223', 42, NULL, 1889, '18.00', 1, '21.00', '8b32ee08f31634', NULL, NULL, NULL, NULL, NULL, NULL, '2021-10-08 05:41:12', '2021-10-08 05:48:04', 1),
(47, 'CA224', 43, NULL, 1888, '18.00', 1, '21.00', '94f6a72d1e584a', NULL, NULL, NULL, NULL, NULL, NULL, '2021-10-08 05:41:12', '2021-10-08 05:50:00', 1),
(48, 'HJ632', 44, NULL, 1999, '13.00', 1, '18.00', '0f5dae47cf0677', NULL, NULL, NULL, NULL, NULL, NULL, '2021-10-08 05:46:54', '2021-10-08 05:56:47', 1),
(49, 'HJ633', 45, NULL, 1990, '18.00', 1, '21.00', '89355f6db80ee8', NULL, NULL, NULL, NULL, NULL, NULL, '2021-10-08 05:46:54', '2021-10-08 05:55:43', 1),
(50, 'KL135', 46, NULL, 21, '19.00', 1, '22.00', 'dea2c6baf963dd', NULL, NULL, NULL, NULL, NULL, NULL, '2021-10-08 05:49:02', '2021-10-08 05:59:17', 1),
(51, 'KL136', 47, NULL, 1901, '18.00', 1, '21.00', '0344e6a86c3fbf', NULL, NULL, NULL, NULL, NULL, NULL, '2021-10-08 05:49:02', '2021-10-08 06:00:44', 1),
(52, 'OP185', 48, NULL, 260, '15.00', 1, '17.00', 'a225e256c8de38', NULL, NULL, NULL, NULL, NULL, NULL, '2021-10-08 05:55:00', '2021-10-08 05:58:01', 1),
(53, 'NM456', 49, NULL, 170, '12.00', 1, '15.00', 'de60b4f5140229', NULL, NULL, NULL, NULL, NULL, NULL, '2021-10-08 06:03:42', '2021-10-08 06:05:54', 1),
(54, 'NM457', 50, NULL, 1999, '12.00', 1, '14.00', '500fb91fc734ce', NULL, NULL, NULL, NULL, NULL, NULL, '2021-10-08 06:03:42', '2021-10-08 06:12:55', 1),
(55, 'NM458', 51, NULL, 1999, '18.00', 1, '21.00', '92fd0d561b345b', NULL, NULL, NULL, NULL, NULL, NULL, '2021-10-08 06:03:42', '2021-10-08 06:15:37', 1),
(56, 'NM459', 52, NULL, 1000, '18.00', 1, '21.00', '58b04fb587674f', NULL, NULL, NULL, NULL, NULL, NULL, '2021-10-08 06:03:42', '2021-10-08 06:18:22', 1);

-- --------------------------------------------------------

--
-- Dumping data for table `product_variant_sets`
--

INSERT INTO `product_variant_sets` (`id`, `product_id`, `product_variant_id`, `variant_type_id`, `variant_option_id`, `created_at`, `updated_at`) VALUES
(1, 1, 2, 1, 1, NULL, NULL),
(2, 1, 2, 2, 5, NULL, NULL),
(3, 1, 3, 1, 1, NULL, NULL),
(4, 1, 3, 2, 6, NULL, NULL),
(5, 1, 3, 1, 1, NULL, NULL),
(6, 1, 3, 2, 6, NULL, NULL),
(7, 1, 4, 1, 7, NULL, NULL),
(8, 1, 4, 2, 5, NULL, NULL),
(9, 1, 5, 1, 7, NULL, NULL),
(10, 1, 5, 2, 6, NULL, NULL);



-- --------------------------------------------------------


--
-- Dumping data for table `variant_option_translations`
--

INSERT INTO `variant_option_translations` (`id`, `title`, `variant_option_id`, `language_id`, `created_at`, `updated_at`) VALUES
(1, 'Small', 1, 1, NULL, '2021-09-29 07:50:37'),
(2, 'White', 2, 1, NULL, '2021-09-29 07:50:37'),
(3, 'Black', 3, 1, NULL, '2021-09-29 07:50:37'),
(4, 'Grey', 4, 1, NULL, '2021-09-29 07:50:37'),
(5, 'Medium', 5, 1, NULL, '2021-09-29 07:50:37'),
(6, 'Large', 6, 1, NULL, '2021-09-29 07:50:37'),
(7, 'IPhone', 7, 1, NULL, '2021-09-29 07:50:37'),
(8, 'Samsung', 8, 1, NULL, '2021-09-29 07:50:37'),
(9, 'Xiaomi', 9, 1, NULL, '2021-09-29 07:50:37');

-- --------------------------------------------------------


--
-- Dumping data for table `variant_translations`
--

INSERT INTO `variant_translations` (`id`, `title`, `variant_id`, `language_id`, `created_at`, `updated_at`) VALUES
(1, 'Size', 1, 1, NULL, '2021-09-29 07:50:37'),
(2, 'Color', 2, 1, NULL, '2021-09-29 07:50:37'),
(3, 'Phones', 3, 1, NULL, '2021-09-29 07:50:37');


-- --------------------------------------------------------

--
-- Dumping data for table `vendor_categories`
--

INSERT INTO `vendor_categories` (`id`, `vendor_id`, `category_id`, `status`, `created_at`, `updated_at`) VALUES
(1, 6, 18, 1, '2021-09-29 06:55:46', '2021-09-29 06:55:46'),
(2, 5, 15, 1, '2021-09-29 07:10:05', '2021-09-29 07:10:05'),
(3, 4, 16, 1, '2021-09-29 07:15:56', '2021-09-29 07:15:56'),
(4, 3, 17, 1, '2021-09-29 07:22:29', '2021-09-29 07:22:29'),
(5, 2, 14, 1, '2021-09-29 07:36:48', '2021-09-29 07:36:48'),
(6, 7, 17, 1, '2021-10-05 08:11:50', '2021-10-05 08:11:50'),
(7, 3, 14, 1, '2021-10-08 04:51:31', '2021-10-08 04:51:31'),
(8, 3, 15, 1, '2021-10-08 04:51:31', '2021-10-08 04:51:31'),
(9, 3, 16, 1, '2021-10-08 04:51:33', '2021-10-08 04:51:33'),
(10, 3, 18, 1, '2021-10-08 04:51:34', '2021-10-08 04:51:34'),
(11, 2, 19, 1, '2021-10-08 05:01:58', '2021-10-08 05:01:58'),
(12, 6, 20, 1, '2021-10-08 05:06:14', '2021-10-08 05:06:14'),
(13, 5, 21, 1, '2021-10-08 05:09:11', '2021-10-08 05:09:11'),
(14, 2, 15, 1, '2021-10-08 08:34:05', '2021-10-08 08:34:05'),
(15, 2, 16, 1, '2021-10-08 08:34:06', '2021-10-08 08:34:06'),
(16, 2, 17, 1, '2021-10-08 08:34:07', '2021-10-08 08:34:07'),
(17, 2, 18, 1, '2021-10-08 08:34:08', '2021-10-08 08:34:08'),
(18, 2, 20, 1, '2021-10-08 08:34:09', '2021-10-08 08:34:09'),
(19, 2, 21, 1, '2021-10-08 08:34:09', '2021-10-08 08:34:09'),
(20, 3, 19, 1, '2021-10-08 08:34:18', '2021-10-08 08:34:18'),
(21, 3, 20, 1, '2021-10-08 08:34:19', '2021-10-08 08:34:19'),
(22, 3, 21, 1, '2021-10-08 08:34:20', '2021-10-08 08:34:20'),
(23, 4, 14, 1, '2021-10-08 08:34:31', '2021-10-08 08:34:31'),
(24, 4, 15, 1, '2021-10-08 08:34:32', '2021-10-08 08:34:32'),
(25, 4, 17, 1, '2021-10-08 08:34:33', '2021-10-08 08:34:33'),
(26, 4, 18, 1, '2021-10-08 08:34:34', '2021-10-08 08:34:34'),
(27, 4, 19, 1, '2021-10-08 08:34:34', '2021-10-08 08:34:34'),
(28, 4, 20, 1, '2021-10-08 08:34:35', '2021-10-08 08:34:35'),
(29, 4, 21, 1, '2021-10-08 08:34:36', '2021-10-08 08:34:36'),
(30, 5, 14, 1, '2021-10-08 08:34:46', '2021-10-08 08:34:46'),
(31, 5, 16, 1, '2021-10-08 08:34:47', '2021-10-08 08:34:47'),
(32, 5, 17, 1, '2021-10-08 08:34:48', '2021-10-08 08:34:48'),
(33, 5, 18, 1, '2021-10-08 08:34:48', '2021-10-08 08:34:48'),
(34, 5, 19, 1, '2021-10-08 08:34:50', '2021-10-08 08:34:50'),
(35, 5, 20, 1, '2021-10-08 08:34:50', '2021-10-08 08:34:50'),
(36, 6, 14, 1, '2021-10-08 08:35:00', '2021-10-08 08:35:00'),
(37, 6, 15, 1, '2021-10-08 08:35:00', '2021-10-08 08:35:00'),
(38, 6, 16, 1, '2021-10-08 08:35:01', '2021-10-08 08:35:01'),
(39, 6, 17, 1, '2021-10-08 08:35:01', '2021-10-08 08:35:01'),
(40, 6, 19, 1, '2021-10-08 08:35:02', '2021-10-08 08:35:02'),
(41, 6, 21, 1, '2021-10-08 08:35:03', '2021-10-08 08:35:03');

-- --------------------------------------------------------

INSERT INTO `banners` (`id`, `name`, `description`, `image`, `validity_on`, `sorting`, `status`, `start_date_time`, `end_date_time`, `redirect_category_id`, `redirect_vendor_id`, `link`, `created_at`, `updated_at`, `image_mobile`) VALUES
(3, 'Chinese', NULL, 'banner/hal2ZNmJCSoF8ijY3QDgYAVXKw9HhFy6wLNtGvpr.png', 1, 1, 1, '2021-10-05 16:51:00', '2025-12-31 12:00:00', 18, NULL, 'category', NULL, '2021-10-11 10:51:01', 'banner/2Ejx1UULNHZVM69t2jBIyP712fQfy75YlWPI28OW.png'),
(5, 'Beverages', NULL, 'banner/iIrzlu5rHvqTkMsnEBjrIzRlVOI54nyAUWg6tGN9.png', 1, 3, 1, '2021-10-05 17:19:00', '2025-12-31 12:00:00', 15, NULL, 'category', '2021-10-05 11:49:33', '2021-10-11 10:31:37', 'banner/jrI2bOdTkWYECLphAdagupwKAYPRfzSpxmqvwvoR.png'),
(6, 'Italian', NULL, 'banner/3rv5FpfNUeePxlLaRmRywCnClfmNo7nzuwrdSvfk.png', 1, 2, 1, '2021-10-06 12:08:00', '2025-02-25 12:00:00', 16, NULL, 'category', '2021-10-06 06:38:37', '2021-10-11 10:51:12', 'banner/jz13PvkmcMyAOv5ucAOMvQifRTISgCyaZpjvlBVr.png');


INSERT INTO `mobile_banners` (`id`, `name`, `description`, `image`, `validity_on`, `sorting`, `status`, `start_date_time`, `end_date_time`, `redirect_category_id`, `redirect_vendor_id`, `link`, `created_at`, `updated_at`) VALUES
(7, 'KFC', NULL, 'banner/i7gyztuJGGCZgUxANr2TWy1cABIQPkZLfUFDUytC.png', 1, 2, 1, '2021-11-15 12:56:00', '2025-11-30 12:00:00', NULL, NULL, 'vendor', '2021-11-15 07:27:19', '2021-11-15 07:31:31'),
(10, 'McDonald\'s', NULL, 'banner/ZbmHhvoBu1dLZB0zsEesUxj82TD3K8tNaQVNTTAF.png', 1, 1, 1, '2021-11-15 12:58:00', '2025-11-30 12:00:00', NULL, NULL, 'vendor', '2021-11-15 07:29:07', '2021-11-15 07:31:31'),
(11, 'Domino\'s Pizza', NULL, 'banner/hC24WiptaFMN2lS2chTksMAvLhKIeR0ylDcUcE8a.png', 1, 1, 1, '2021-11-15 13:01:00', '2025-12-31 12:00:00', 16, NULL, 'category', '2021-11-15 07:32:03', '2021-11-15 07:32:03');


INSERT INTO `cab_booking_layouts` (`id`, `title`, `slug`, `order_by`, `image`, `is_active`, `created_at`, `updated_at`) VALUES
(1, 'Vendors', 'vendors', 1, NULL, 1, NULL, '2021-10-08 14:59:45'),
(2, 'Featured Products', 'featured_products', 2, NULL, 1, NULL, '2021-10-08 14:59:45'),
(3, 'New Products', 'new_products', 3, NULL, 1, NULL, NULL),
(4, 'On Sale', 'on_sale', 4, NULL, 1, NULL, NULL),
(5, 'Best Sellers', 'best_sellers', 5, NULL, 1, NULL, NULL),
(6, 'Brands', 'brands', 6, NULL, 1, NULL, NULL);


INSERT INTO `cab_booking_layout_transaltions` (`id`, `title`, `cab_booking_layout_id`, `language_id`, `created_at`, `updated_at`, `body_html`) VALUES
(1, 'Restaurant\'s', 1, 1, '2021-10-05 11:39:52', '2021-10-05 11:39:52', NULL),
(2, 'Top Picks', 2, 1, '2021-10-05 11:39:52', '2021-10-05 11:39:52', NULL),
(3, 'What\'s New', 3, 1, '2021-10-05 11:39:52', '2021-10-05 11:40:00', NULL),
(4, 'Offers New You', 4, 1, '2021-10-05 11:39:52', '2021-10-05 11:40:21', NULL),
(5, 'Premium', 5, 1, '2021-10-05 11:39:52', '2021-10-05 11:40:31', NULL),
(6, 'Top Brands For You', 6, 1, '2021-10-05 11:39:52', '2021-10-05 11:40:43', NULL);


INSERT INTO `app_stylings` (`id`, `name`, `type`, `created_at`, `updated_at`) VALUES
(1, 'Regular Font', 2, NULL, NULL),
(2, 'Medium Font', 2, NULL, NULL),
(3, 'Bold Font', 2, NULL, NULL),
(4, 'Primary Color', 4, NULL, NULL),
(5, 'Secondary Color', 4, NULL, NULL),
(6, 'Tertiary Color', 4, NULL, NULL),
(7, 'Tab Bar Style', 3, NULL, NULL),
(8, 'Home Page Style', 3, NULL, NULL),
(9, 'Home Tag Line', 1, NULL, NULL);


INSERT INTO `app_styling_options` (`id`, `app_styling_id`, `name`, `image`, `is_selected`, `created_at`, `updated_at`, `template_id`) VALUES
(1, 1, 'CircularStd-Book', NULL, 0, NULL, '2021-11-11 20:42:36', NULL),
(2, 1, 'SFProText-Regular', NULL, 1, NULL, '2021-11-11 20:42:36', NULL),
(3, 1, 'Futura-Normal', NULL, 0, NULL, '2021-11-11 20:42:36', NULL),
(4, 1, 'Eina02-Regular', NULL, 0, NULL, '2021-11-11 20:42:36', NULL),
(5, 2, 'CircularStd-Medium', NULL, 1, NULL, NULL, NULL),
(6, 2, 'SFProText-Medium', NULL, 0, NULL, NULL, NULL),
(7, 2, 'Futura-Medium', NULL, 0, NULL, NULL, NULL),
(8, 2, 'Eina02-SemiBold', NULL, 0, NULL, NULL, NULL),
(9, 3, 'CircularStd-Bold', NULL, 1, NULL, NULL, NULL),
(10, 3, 'SFProText-Bold', NULL, 0, NULL, NULL, NULL),
(11, 3, 'FuturaBT-Heavy', NULL, 0, NULL, NULL, NULL),
(12, 3, 'Eina02-Bold', NULL, 0, NULL, NULL, NULL),
(13, 4, '#FA1C0A', NULL, 1, NULL, '2021-10-05 13:28:38', NULL),
(14, 5, '#F5F5F5', NULL, 1, NULL, '2021-11-15 07:16:14', NULL),
(15, 6, '#fff', NULL, 1, NULL, NULL, NULL),
(16, 7, 'Tab 1', 'bar.png', 0, NULL, '2021-11-15 07:34:31', 1),
(17, 7, 'Tab 2', 'bar_two.png', 0, NULL, '2021-11-15 07:34:31', 2),
(18, 7, 'Tab 3', 'bar_three.png', 0, NULL, '2021-11-15 07:34:31', 3),
(19, 7, 'Tab 4', 'bar_four.png', 1, NULL, '2021-11-15 07:34:31', 4),
(20, 7, 'Tab 5', 'bar_five.png', 0, NULL, '2021-11-15 07:34:31', 5),
(21, 8, 'Home Page 1', 'home.png', 0, NULL, '2021-11-15 07:29:26', 1),
(22, 8, 'Home Page 4', 'home_four.png', 0, NULL, '2021-11-15 07:29:26', 2),
(23, 8, 'Home Page 5', 'home_five.png', 1, NULL, '2021-11-15 07:29:26', 3),
(24, 9, 'Create a free account and join us!', NULL, 1, NULL, NULL, NULL),
(25, 8, 'Home Page 6', 'home_six.png', 0, '2021-10-12 14:10:13', '2021-11-15 07:29:26', 4);


INSERT INTO `loyalty_cards` (`id`, `name`, `description`, `image`, `minimum_points`, `per_order_minimum_amount`, `per_order_points`, `per_purchase_minimum_amount`, `amount_per_loyalty_point`, `redeem_points_per_primary_currency`, `status`, `created_at`, `updated_at`, `loyalty_check`) VALUES
(1, 'Gold Plan', 'Gold Loyalty Card', '2f3120/loyalty/image/im5953PjFoo5xub5X4JKes2yV2CwnoAaBiy8ACh1.png', 400, NULL, 5, NULL, 10, 10, '0', '2021-11-16 05:03:53', '2021-11-16 05:15:49', '0'),
(2, 'Silver Plan', 'Silver Loyalty Card', '2f3120/loyalty/image/EAJdZtUl3sjzDLyvZfAjadapVc1S3eAQBSAqvjbr.png', 600, NULL, 8, NULL, 14, 10, '0', '2021-11-16 05:04:29', '2021-11-16 05:15:49', '0'),
(3, 'Platinum Plan', 'Platinum Loyalty Card', '2f3120/loyalty/image/rHwJcu9Q1NWp7TXnANRWoBOhdlWBPVbrBZgS2w1g.png', 800, NULL, 10, NULL, 20, 10, '0', '2021-11-16 05:07:24', '2021-11-16 05:15:49', '0');


UPDATE `client_preferences` SET `business_type` = 'food_grocery_ecommerce' , `is_hyperlocal` = 0 WHERE `client_preferences`.`id` = 1;


INSERT INTO `service_areas` (`id`, `name`, `description`, `geo_array`, `zoom_level`, `polygon`, `vendor_id`, `created_at`, `updated_at`) VALUES
(1, 'Area - 10 Mile Radius', NULL, '(30.878242336232, 76.7794179),(30.875075321845, 76.817920064966),(30.865712692412, 76.85473950057),(30.850563639764, 76.888267020795),(30.830290250197, 76.917037312125),(30.805778568116, 76.939792974775),(30.778099871649, 76.955539477092),(30.748463852647, 76.963588621364),(30.718165747353, 76.963588621364),(30.688529728351, 76.955539477092),(30.660851031884, 76.939792974775),(30.636339349803, 76.917037312125),(30.616065960236, 76.888267020795),(30.600916907588, 76.85473950057),(30.591554278155, 76.817920064966),(30.588387263768, 76.7794179),(30.591554278155, 76.740915735034),(30.600916907588, 76.70409629943),(30.616065960236, 76.670568779205),(30.636339349803, 76.641798487875),(30.660851031884, 76.619042825225),(30.688529728351, 76.603296322908),(30.718165747353, 76.595247178636),(30.748463852647, 76.595247178636),(30.778099871649, 76.603296322908),(30.805778568116, 76.619042825225),(30.830290250197, 76.641798487875),(30.850563639764, 76.670568779205),(30.865712692412, 76.70409629943),(30.875075321845, 76.740915735034)', 3, 0x000000000103000000010000001f0000003e14607dd4e03e40b09a9dfbe131534067dcb0ef04e03e405b7166cd5834534043a4d5589fdd3e400b634e0db4365340fff3e789bed93e40831beb5dd9385340a5c8dee68dd43e40793244bdb03a53403de0158147ce3e40d4ea6e91253c534017c19d8d31c73e406a090d8f273d5340665bb9539bbf3e4097e39b6fab3d534011fdddb5d9b73e4097e39b6fab3d53406097f97b43b03e406a090d8f273d53403a7881882da93e40d4ea6e91253c5340d18fb822e7a23e40793244bdb03a53407864af7fb69d3e40831beb5dd938534034b4c1b0d5993e400b634e0db4365340107ce61970973e405b7166cd583453403844378ca0963e40b09a9dfbe1315340107ce61970973e4005c4d4296b2f534034b4c1b0d5993e4056d2ece90f2d53407864af7fb69d3e40dd195099ea2a5340d18fb822e7a23e40e702f739132953403a7881882da93e408c4acc659e2753406097f97b43b03e40f62b2e689c26534011fdddb5d9b73e40c9519f8718265340665bb9539bbf3e40c9519f871826534017c19d8d31c73e40f62b2e689c2653403de0158147ce3e408c4acc659e275340a5c8dee68dd43e40e702f73913295340fff3e789bed93e40dd195099ea2a534043a4d5589fdd3e4056d2ece90f2d534067dcb0ef04e03e4005c4d4296b2f53403e14607dd4e03e40b09a9dfbe1315340, 6, '2022-01-20 11:06:51', '2022-01-20 11:06:51'),
(2, 'Chandigarh', 'Chandigarh', '(30.631172474029114, 76.72679340525207),(30.685513965108882, 76.57882129831847),(30.781127921936033, 76.5966740815216),(30.830078544525385, 76.70035755320129),(30.7722787639862, 76.84764301462707),(30.67990403017512, 76.888155099588)', 12, 0x00000000010300000001000000070000002817ee8494a13e4064a07cc8832e53400c18ddd77daf3e4064a07c680b2553402cb5defff7c73e4064a07ce82f2653400ad9090780d43e4064a07ca8d22c53404eb7a20fb4c53e4064a07cc83f3653404f05c6300eae3e4064a07c88d73853402817ee8494a13e4064a07cc8832e5340, 6, '2022-01-20 13:20:23', '2022-01-20 13:20:23'),
(3, 'Chandigarh', 'Chandigarh', '(30.629104531559918, 76.72713672800597),(30.707950445182885, 76.55513202829894),(30.819464864540418, 76.60079395456847),(30.83037335222187, 76.70928394480285),(30.806785876067735, 76.83391010447082),(30.70854080842591, 76.89296161814269),(30.65746103182449, 76.90703785105285)', 12, 0x0000000001030000000100000008000000b4d09cfe0ca13e4064a07c68892e5340c73f893d3cb53e4064a07c4887235340136c0973c8d13e4064a07c68732653404843175993d43e4064a07ce8642d5340ec95e88489ce3e4064a07cc85e355340181230ee62b53e4064a07c4826395340a214be5d4fa83e4064a07ce80c3a5340b4d09cfe0ca13e4064a07c68892e5340, 5, '2022-01-20 13:21:20', '2022-01-20 13:21:20'),
(4, 'Chandigarh', 'Chandigarh', '(30.629399954618368, 76.72782337351379),(30.715034565631402, 76.55993854685363),(30.79675944478882, 76.57950794382629),(30.830078544525385, 76.72713672800597),(30.798233985577006, 76.85416614695129),(30.708245627256023, 76.92523395700988)', 12, 0x00000000010300000001000000070000009530fd5a20a13e4064a07ca8942e53407de55a810cb73e4064a07c08d6235340a8254e6df8cb3e4064a07ca8162553400ad9090780d43e4064a07c68892e5340e69bfe0f59cc3e4064a07ca8aa3653408199de954fb53e4064a07c08373b53409530fd5a20a13e4064a07ca8942e5340, 4, '2022-01-20 13:22:05', '2022-01-20 13:22:05'),
(5, 'Chandigarh', 'Chandigarh', '(30.629104531559918, 76.734346505838),(30.697913717300487, 76.56440174265441),(30.794695049685412, 76.59015094919738),(30.821823561477846, 76.69829761667785),(30.805901233031474, 76.811250802713),(30.723298715167324, 76.9097844330841),(30.653030876735674, 76.84180652781066)', 12, 0x0000000001030000000100000008000000b4d09cfe0ca13e4064a07c88ff2e5340423c2f79aab23e4064a07c281f24534023b1802271cb3e4064a07c08c52553402da1670763d23e4064a07ce8b02c53401fad0f8b4fce3e4064a07c88eb335340eae1c61a2ab93e4064a07ce8393a5340a1db12082da73e4064a07c28e0355340b4d09cfe0ca13e4064a07c88ff2e5340, 3, '2022-01-20 13:22:32', '2022-01-20 13:22:32'),
(6, 'Chandigarh', 'Chandigarh', '(30.629104531559918, 76.74807941599425),(30.716805514443482, 76.57367145700988),(30.80619611494849, 76.62379657908019),(30.831847377124035, 76.73743641062316),(30.765788864196484, 76.8936482636505),(30.67901822118309, 76.91390430613097),(30.64269305871471, 76.83150684519347)', 12, 0x0000000001030000000100000008000000b4d09cfe0ca13e4064a07c88e02f53409120f29080b73e4064a07c08b7245340b4dd5bde62ce3e4064a07c48ec275340d80220f3f3d43e4064a07c28322f5340695d2fbd0ac43e4064a07c8831395340955e5d23d4ad3e4064a07c687d3a5340bf8b448887a43e4064a07c6837355340b4d09cfe0ca13e4064a07c88e02f5340, 2, '2022-01-20 13:23:03', '2022-01-20 13:23:03');

UPDATE `clients` SET `logo` = 'Clientlogo/61b86fda1122e.png' WHERE  1;


INSERT INTO `tags` (`id`, `created_at`, `updated_at`, `icon`) VALUES
(1, '2021-11-23 17:35:09', '2022-01-20 13:01:31', '2f3120/tags/vv1zkoqcjW6mVNCU9Gdtsnt1IN55pztCk9qRPYtR.png'),
(2, '2021-11-23 17:35:25', '2022-01-20 13:01:47', '2f3120/tags/ZQ5EzTRd9ds8l9YQ3KCCPQ6ezSm2KRML1XebuAAO.png');

INSERT INTO `tag_translations` (`id`, `name`, `slug`, `language_id`, `tag_id`, `created_at`, `updated_at`) VALUES
(3, 'Veg', 'veg', 1, 1, '2022-01-20 13:01:31', '2022-01-20 13:01:31'),
(4, 'Non veg', 'non-veg', 1, 2, '2022-01-20 13:01:47', '2022-01-20 13:01:47');


INSERT INTO `product_tags` (`product_id`, `tag_id`, `created_at`, `updated_at`) VALUES
(108, 1, NULL, NULL),
(2, 2, NULL, NULL),
(3, 1, NULL, NULL),
(4, 2, NULL, NULL),
(5, 1, NULL, NULL),
(25, 2, NULL, NULL),
(30, 1, NULL, NULL),
(31, 1, NULL, NULL),
(32, 1, NULL, NULL),
(33, 1, NULL, NULL),
(40, 2, NULL, NULL),
(41, 1, NULL, NULL),
(42, 2, NULL, NULL),
(43, 2, NULL, NULL),
(34, 1, NULL, NULL),
(35, 2, NULL, NULL),
(36, 2, NULL, NULL),
(37, 1, NULL, NULL),
(44, 1, NULL, NULL),
(45, 1, NULL, NULL),
(10, 1, NULL, NULL),
(11, 1, NULL, NULL),
(12, 1, NULL, NULL),
(13, 1, NULL, NULL),
(22, 1, NULL, NULL),
(23, 1, NULL, NULL),
(18, 2, NULL, NULL),
(19, 1, NULL, NULL),
(20, 1, NULL, NULL),
(21, 1, NULL, NULL),
(26, 2, NULL, NULL),
(27, 1, NULL, NULL),
(28, 1, NULL, NULL),
(29, 1, NULL, NULL),
(50, 2, NULL, NULL),
(51, 1, NULL, NULL),
(52, 1, NULL, NULL);